facility_key,facility,location,overlay_status,best_candidate_site,best_candidate_score,best_candidate_class,suggested_action
leeds,Leeds RERF,,validated_existing_overlay,,,,use_validated_overlay
londonecopark,London EcoPark,,validated_existing_overlay,,,,use_validated_overlay
newhaven,Newhaven ERF,,validated_existing_overlay,,,,use_validated_overlay
riverside,Riverside RR ERF,,validated_existing_overlay,,,,use_validated_overlay
runcorn,Runcorn EfW,,validated_existing_overlay,,,,use_validated_overlay
selchp,SELCHP,,validated_existing_overlay,,,,use_validated_overlay
sheffield,Sheffield ERF,,validated_existing_overlay,,,,use_validated_overlay
tyseley,Tyseley EfW,,validated_existing_overlay,,,,use_validated_overlay
eastcroft,Eastcroft EfW,,candidate_overlay_needs_review,Nottingham Centre,100,high_confidence_official_candidate,review_for_promotion_to_validated_overlay
devonport,Devonport Dockyard,,candidate_overlay_needs_review,Plymouth Centre - UKA00360,98,high_confidence_official_candidate,review_for_promotion_to_validated_overlay
crossness,Crossness Sludge Plant,,candidate_overlay_needs_review,Bexley - Slade Green,95,high_confidence_official_candidate,review_for_promotion_to_validated_overlay
marchwood,Marchwood ERF,,candidate_overlay_needs_review,Southampton Centre - UKA00235,95,high_confidence_official_candidate,review_for_promotion_to_validated_overlay
teesside,Teesside EfW,,candidate_overlay_needs_review,Middlesbrough - UKA00220,95,high_confidence_official_candidate,review_for_promotion_to_validated_overlay
coventry,CSWDC Coventry,,candidate_overlay_needs_review,Coventry Allesley - UKA00592,93,high_confidence_official_candidate,review_for_promotion_to_validated_overlay
portsmouth,Portsmouth ERF,,candidate_overlay_needs_review,Portsmouth Background AURN,93,high_confidence_official_candidate,review_for_promotion_to_validated_overlay
stoke,Stoke EfW,,candidate_overlay_needs_review,Stoke-on-Trent Centre - UKA00337,93,high_confidence_official_candidate,review_for_promotion_to_validated_overlay
beddington,Beddington ERF,,candidate_overlay_needs_review,Sutton - Beddington Lane north,87,high_confidence_official_candidate,review_for_promotion_to_validated_overlay
redmosslandfill,Red Moss Landfill,,candidate_overlay_needs_review,Manchester Piccadilly - UKA00248,87,high_confidence_official_candidate,review_for_promotion_to_validated_overlay
bolton,Bolton WtE,,candidate_overlay_needs_review,Glazebury - UKA00170,85,high_confidence_official_candidate,review_for_promotion_to_validated_overlay
lakeside,Lakeside EfW,,candidate_overlay_needs_review,London Hillingdon - UKA00266,85,high_confidence_official_candidate,review_for_promotion_to_validated_overlay
westfield,Westfield Incinerator,,candidate_overlay_needs_review,Charlton Mackrell - UKA00537,85,high_confidence_official_candidate,review_for_promotion_to_validated_overlay
exeter,Exeter ERF,,candidate_overlay_needs_review,Exeter Roadside - UKA00263,81,high_confidence_official_candidate,review_for_promotion_to_validated_overlay
allerton,Allerton Waste Recovery Park,,candidate_overlay_needs_review,Leeds Centre - UKA00222,80,high_confidence_official_candidate,review_for_promotion_to_validated_overlay
fawley,Fawley Incinerator,,candidate_overlay_needs_review,Southampton Centre - UKA00235,80,high_confidence_official_candidate,review_for_promotion_to_validated_overlay
ferrybridgemf2,Ferrybridge MF2,,candidate_overlay_needs_review,Leeds Centre - UKA00222,80,high_confidence_official_candidate,review_for_promotion_to_validated_overlay
glanfordps,Glanford PS,,candidate_overlay_needs_review,Scunthorpe Town - UKA00381,80,high_confidence_official_candidate,review_for_promotion_to_validated_overlay
dudley,Dudley EfW,,candidate_overlay_needs_review,Oldbury Birmingham Road - UKA00595,79,local_or_official_candidate_needs_review,review_as_local_or_official_overlay_candidate
ardley,Ardley ERF,,candidate_overlay_needs_review,Oxford St Ebbes,78,local_or_official_candidate_needs_review,review_as_local_or_official_overlay_candidate
lincoln,Lincoln ERF,,candidate_overlay_needs_review,Lincoln Canwick Road - UKA00561,75,local_or_official_candidate_needs_review,review_as_local_or_official_overlay_candidate
wolverhampton,Wolverhampton EfW,,candidate_overlay_needs_review,Oldbury Birmingham Road - UKA00595,72,local_or_official_candidate_needs_review,review_as_local_or_official_overlay_candidate
chineham,Chineham EfW,,candidate_overlay_needs_review,Chilbolton Observatory - UKA00614,69,local_or_official_candidate_needs_review,review_as_local_or_official_overlay_candidate
isleofwight,Isle of Wight Gasification,,candidate_overlay_needs_review,Southampton Centre - UKA00235,69,local_or_official_candidate_needs_review,review_as_local_or_official_overlay_candidate
kirklees,Kirklees EfW,,candidate_overlay_needs_review,Barnsley Gawber - UKA00353,69,local_or_official_candidate_needs_review,review_as_local_or_official_overlay_candidate
allington,Allington Quarry Waste Management Facility,,candidate_overlay_needs_review,Chatham Roadside - UKA00553,61,local_or_official_candidate_needs_review,review_as_local_or_official_overlay_candidate
hartlebury,Hartlebury EfW,,candidate_overlay_needs_review,Oldbury Birmingham Road - UKA00595,61,local_or_official_candidate_needs_review,review_as_local_or_official_overlay_candidate
newlincs,Newlincs EfW,,candidate_overlay_needs_review,Hull Freetown - UKA00450,59,plausible_candidate_needs_review,review_geography_and_source_before_use
greatmoor,Greatmoor EfW,,candidate_overlay_needs_review,Oxford St Ebbes,57,plausible_candidate_needs_review,review_geography_and_source_before_use
northhykeham,North Hykeham Incinerator,,candidate_overlay_needs_review,Lincoln Canwick Road - UKA00561,55,plausible_candidate_needs_review,review_geography_and_source_before_use
shrewsbury,Shrewsbury Incinerator,,candidate_overlay_needs_review,"Shrewsbury, UK",54,plausible_candidate_needs_review,review_geography_and_source_before_use
gloucestershirejavelin,Gloucestershire Javelin Park,,candidate_overlay_needs_review,Chepstow A48,51,plausible_candidate_needs_review,review_geography_and_source_before_use
miltonkeyneswrp,Milton Keynes WRP,,candidate_overlay_needs_review,Milton Keynes,49,plausible_candidate_needs_review,review_geography_and_source_before_use
greatblakenham,Great Blakenham EfW,,candidate_overlay_needs_review,Sibton - UKA00012,47,plausible_candidate_needs_review,review_geography_and_source_before_use
peterborough,Peterborough ERF,,candidate_overlay_needs_review,"Crowland, lincolnshire",42,supporting_context_community_sensor,use_as_supporting_context_only
cornwall,Cornwall ERC,,no_candidate_selected_yet,,,,query_or_manual_review
isleofman,Isle of Man Incinerator,,no_candidate_selected_yet,,,,query_or_manual_review
thetford,Thetford Incinerator,,no_candidate_selected_yet,,,,query_or_manual_review
