url,ok,http_status,error_type,error_body,result_count,method,facility,facility_key,query_point_role,query_lat,query_lon
https://api.openaq.org/v3/locations?coordinates=53.97000%2C-1.50000&radius=25000&limit=100&iso=GB,True,200,,,4,coordinates_lat_lon_radius_capped,Allerton Waste Recovery Park,allerton_waste_recovery_park,facility,53.97,-1.5
https://api.openaq.org/v3/locations?coordinates=53.97000%2C-1.50000&radius=10000&limit=100&iso=GB,True,200,,,1,coordinates_lat_lon_radius_10000,Allerton Waste Recovery Park,allerton_waste_recovery_park,facility,53.97,-1.5
https://api.openaq.org/v3/locations?coordinates=-1.50000%2C53.97000&radius=10000&limit=25&iso=GB,True,200,,,0,diagnostic_coordinates_lon_lat,Allerton Waste Recovery Park,allerton_waste_recovery_park,facility,53.97,-1.5
https://api.openaq.org/v3/locations?bbox=-1.88180%2C53.74542%2C-1.11820%2C54.19458&limit=100&iso=GB,True,200,,,5,bbox_25km_lonlat,Allerton Waste Recovery Park,allerton_waste_recovery_park,facility,53.97,-1.5
https://api.openaq.org/v3/locations?bbox=-1.65272%2C53.88017%2C-1.34728%2C54.05983&limit=100&iso=GB,True,200,,,1,bbox_10km_lonlat,Allerton Waste Recovery Park,allerton_waste_recovery_park,facility,53.97,-1.5
https://api.openaq.org/v3/locations?coordinates=53.91715%2C-1.54490&radius=25000&limit=100&iso=GB,True,200,,,5,coordinates_lat_lon_radius_capped,Allerton Waste Recovery Park,allerton_waste_recovery_park,control,53.91714985298881,-1.544899424
https://api.openaq.org/v3/locations?coordinates=53.91715%2C-1.54490&radius=10000&limit=100&iso=GB,True,200,,,1,coordinates_lat_lon_radius_10000,Allerton Waste Recovery Park,allerton_waste_recovery_park,control,53.91714985298881,-1.544899424
https://api.openaq.org/v3/locations?coordinates=-1.54490%2C53.91715&radius=10000&limit=25&iso=GB,True,200,,,0,diagnostic_coordinates_lon_lat,Allerton Waste Recovery Park,allerton_waste_recovery_park,control,53.91714985298881,-1.544899424
https://api.openaq.org/v3/locations?bbox=-1.92622%2C53.69257%2C-1.16358%2C54.14173&limit=100&iso=GB,True,200,,,6,bbox_25km_lonlat,Allerton Waste Recovery Park,allerton_waste_recovery_park,control,53.91714985298881,-1.544899424
https://api.openaq.org/v3/locations?bbox=-1.69743%2C53.82732%2C-1.39237%2C54.00698&limit=100&iso=GB,True,200,,,1,bbox_10km_lonlat,Allerton Waste Recovery Park,allerton_waste_recovery_park,control,53.91714985298881,-1.544899424
https://api.openaq.org/v3/locations?coordinates=51.23000%2C0.50000&radius=25000&limit=100&iso=GB,True,200,,,5,coordinates_lat_lon_radius_capped,Allington Quarry Waste Management Facility,allington_quarry_waste_management_facility,facility,51.23,0.5
https://api.openaq.org/v3/locations?coordinates=51.23000%2C0.50000&radius=10000&limit=100&iso=GB,True,200,,,1,coordinates_lat_lon_radius_10000,Allington Quarry Waste Management Facility,allington_quarry_waste_management_facility,facility,51.23,0.5
https://api.openaq.org/v3/locations?coordinates=0.50000%2C51.23000&radius=10000&limit=25&iso=GB,True,200,,,0,diagnostic_coordinates_lon_lat,Allington Quarry Waste Management Facility,allington_quarry_waste_management_facility,facility,51.23,0.5
https://api.openaq.org/v3/locations?bbox=0.14136%2C51.00542%2C0.85864%2C51.45458&limit=100&iso=GB,True,200,,,9,bbox_25km_lonlat,Allington Quarry Waste Management Facility,allington_quarry_waste_management_facility,facility,51.23,0.5
https://api.openaq.org/v3/locations?bbox=0.35654%2C51.14017%2C0.64346%2C51.31983&limit=100&iso=GB,True,200,,,1,bbox_10km_lonlat,Allington Quarry Waste Management Facility,allington_quarry_waste_management_facility,facility,51.23,0.5
https://api.openaq.org/v3/locations?coordinates=51.17164%2C0.45847&radius=25000&limit=100&iso=GB,True,200,,,5,coordinates_lat_lon_radius_capped,Allington Quarry Waste Management Facility,allington_quarry_waste_management_facility,control,51.17164159983072,0.4584710510889741
https://api.openaq.org/v3/locations?coordinates=51.17164%2C0.45847&radius=10000&limit=100&iso=GB,True,200,,,1,coordinates_lat_lon_radius_10000,Allington Quarry Waste Management Facility,allington_quarry_waste_management_facility,control,51.17164159983072,0.4584710510889741
https://api.openaq.org/v3/locations?coordinates=0.45847%2C51.17164&radius=10000&limit=25&iso=GB,True,200,,,0,diagnostic_coordinates_lon_lat,Allington Quarry Waste Management Facility,allington_quarry_waste_management_facility,control,51.17164159983072,0.4584710510889741
https://api.openaq.org/v3/locations?bbox=0.10029%2C50.94706%2C0.81666%2C51.39622&limit=100&iso=GB,True,200,,,7,bbox_25km_lonlat,Allington Quarry Waste Management Facility,allington_quarry_waste_management_facility,control,51.17164159983072,0.4584710510889741
https://api.openaq.org/v3/locations?bbox=0.31520%2C51.08181%2C0.60174%2C51.26147&limit=100&iso=GB,True,200,,,1,bbox_10km_lonlat,Allington Quarry Waste Management Facility,allington_quarry_waste_management_facility,control,51.17164159983072,0.4584710510889741
https://api.openaq.org/v3/locations?coordinates=51.90000%2C-1.28000&radius=25000&limit=100&iso=GB,True,200,,,5,coordinates_lat_lon_radius_capped,Ardley ERF,ardley_erf,facility,51.9,-1.28
https://api.openaq.org/v3/locations?coordinates=51.90000%2C-1.28000&radius=10000&limit=100&iso=GB,True,200,,,0,coordinates_lat_lon_radius_10000,Ardley ERF,ardley_erf,facility,51.9,-1.28
https://api.openaq.org/v3/locations?coordinates=-1.28000%2C51.90000&radius=10000&limit=25&iso=GB,True,200,,,0,diagnostic_coordinates_lon_lat,Ardley ERF,ardley_erf,facility,51.9,-1.28
https://api.openaq.org/v3/locations?bbox=-1.64396%2C51.67542%2C-0.91604%2C52.12458&limit=100&iso=GB,True,200,,,6,bbox_25km_lonlat,Ardley ERF,ardley_erf,facility,51.9,-1.28
https://api.openaq.org/v3/locations?bbox=-1.42558%2C51.81017%2C-1.13442%2C51.98983&limit=100&iso=GB,True,200,,,0,bbox_10km_lonlat,Ardley ERF,ardley_erf,facility,51.9,-1.28
https://api.openaq.org/v3/locations?coordinates=51.84701%2C-1.32763&radius=25000&limit=100&iso=GB,True,200,,,5,coordinates_lat_lon_radius_capped,Ardley ERF,ardley_erf,control,51.84701494968608,-1.327628875
https://api.openaq.org/v3/locations?coordinates=51.84701%2C-1.32763&radius=10000&limit=100&iso=GB,True,200,,,0,coordinates_lat_lon_radius_10000,Ardley ERF,ardley_erf,control,51.84701494968608,-1.327628875
https://api.openaq.org/v3/locations?coordinates=-1.32763%2C51.84701&radius=10000&limit=25&iso=GB,True,200,,,0,diagnostic_coordinates_lon_lat,Ardley ERF,ardley_erf,control,51.84701494968608,-1.327628875
https://api.openaq.org/v3/locations?bbox=-1.69116%2C51.62244%2C-0.96410%2C52.07159&limit=100&iso=GB,True,200,,,5,bbox_25km_lonlat,Ardley ERF,ardley_erf,control,51.84701494968608,-1.327628875
https://api.openaq.org/v3/locations?bbox=-1.47304%2C51.75718%2C-1.18222%2C51.93685&limit=100&iso=GB,True,200,,,0,bbox_10km_lonlat,Ardley ERF,ardley_erf,control,51.84701494968608,-1.327628875
https://api.openaq.org/v3/locations?coordinates=51.36000%2C-0.17000&radius=25000&limit=100&iso=GB,True,200,,,100,coordinates_lat_lon_radius_capped,Beddington ERF,beddington_erf,facility,51.36,-0.17
https://api.openaq.org/v3/locations?coordinates=51.36000%2C-0.17000&radius=10000&limit=100&iso=GB,True,200,,,29,coordinates_lat_lon_radius_10000,Beddington ERF,beddington_erf,facility,51.36,-0.17
https://api.openaq.org/v3/locations?coordinates=-0.17000%2C51.36000&radius=10000&limit=25&iso=GB,True,200,,,0,diagnostic_coordinates_lon_lat,Beddington ERF,beddington_erf,facility,51.36,-0.17
https://api.openaq.org/v3/locations?bbox=-0.52966%2C51.13542%2C0.18966%2C51.58458&limit=100&iso=GB,True,200,,,100,bbox_25km_lonlat,Beddington ERF,beddington_erf,facility,51.36,-0.17
https://api.openaq.org/v3/locations?bbox=-0.31386%2C51.27017%2C-0.02614%2C51.44983&limit=100&iso=GB,True,200,,,36,bbox_10km_lonlat,Beddington ERF,beddington_erf,facility,51.36,-0.17
https://api.openaq.org/v3/locations?coordinates=51.31351%2C-0.22462&radius=25000&limit=100&iso=GB,True,200,,,100,coordinates_lat_lon_radius_capped,Beddington ERF,beddington_erf,control,51.31350876,-0.224624622
https://api.openaq.org/v3/locations?coordinates=51.31351%2C-0.22462&radius=10000&limit=100&iso=GB,True,200,,,10,coordinates_lat_lon_radius_10000,Beddington ERF,beddington_erf,control,51.31350876,-0.224624622
https://api.openaq.org/v3/locations?coordinates=-0.22462%2C51.31351&radius=10000&limit=25&iso=GB,True,200,,,0,diagnostic_coordinates_lon_lat,Beddington ERF,beddington_erf,control,51.31350876,-0.224624622
https://api.openaq.org/v3/locations?bbox=-0.58392%2C51.08893%2C0.13467%2C51.53809&limit=100&iso=GB,True,200,,,100,bbox_25km_lonlat,Beddington ERF,beddington_erf,control,51.31350876,-0.224624622
https://api.openaq.org/v3/locations?bbox=-0.36834%2C51.22368%2C-0.08091%2C51.40334&limit=100&iso=GB,True,200,,,13,bbox_10km_lonlat,Beddington ERF,beddington_erf,control,51.31350876,-0.224624622
https://api.openaq.org/v3/locations?coordinates=53.58000%2C-2.43000&radius=25000&limit=100&iso=GB,True,200,,,22,coordinates_lat_lon_radius_capped,Bolton WtE,bolton_wte,facility,53.58,-2.43
https://api.openaq.org/v3/locations?coordinates=53.58000%2C-2.43000&radius=10000&limit=100&iso=GB,True,200,,,1,coordinates_lat_lon_radius_10000,Bolton WtE,bolton_wte,facility,53.58,-2.43
https://api.openaq.org/v3/locations?coordinates=-2.43000%2C53.58000&radius=10000&limit=25&iso=GB,True,200,,,0,diagnostic_coordinates_lon_lat,Bolton WtE,bolton_wte,facility,53.58,-2.43
https://api.openaq.org/v3/locations?bbox=-2.80827%2C53.35542%2C-2.05173%2C53.80458&limit=100&iso=GB,True,200,,,27,bbox_25km_lonlat,Bolton WtE,bolton_wte,facility,53.58,-2.43
https://api.openaq.org/v3/locations?bbox=-2.58131%2C53.49017%2C-2.27869%2C53.66983&limit=100&iso=GB,True,200,,,1,bbox_10km_lonlat,Bolton WtE,bolton_wte,facility,53.58,-2.43
https://api.openaq.org/v3/locations?coordinates=53.53038%2C-2.47474&radius=25000&limit=100&iso=GB,True,200,,,23,coordinates_lat_lon_radius_capped,Bolton WtE,bolton_wte,control,53.5303755682824,-2.474737575
https://api.openaq.org/v3/locations?coordinates=53.53038%2C-2.47474&radius=10000&limit=100&iso=GB,True,200,,,1,coordinates_lat_lon_radius_10000,Bolton WtE,bolton_wte,control,53.5303755682824,-2.474737575
https://api.openaq.org/v3/locations?coordinates=-2.47474%2C53.53038&radius=10000&limit=25&iso=GB,True,200,,,0,diagnostic_coordinates_lon_lat,Bolton WtE,bolton_wte,control,53.5303755682824,-2.474737575
https://api.openaq.org/v3/locations?bbox=-2.85256%2C53.30580%2C-2.09691%2C53.75495&limit=100&iso=GB,True,200,,,25,bbox_25km_lonlat,Bolton WtE,bolton_wte,control,53.5303755682824,-2.474737575
https://api.openaq.org/v3/locations?bbox=-2.62587%2C53.44054%2C-2.32361%2C53.62021&limit=100&iso=GB,True,200,,,3,bbox_10km_lonlat,Bolton WtE,bolton_wte,control,53.5303755682824,-2.474737575
https://api.openaq.org/v3/locations?coordinates=51.28000%2C-1.08000&radius=25000&limit=100&iso=GB,True,200,,,21,coordinates_lat_lon_radius_capped,Chineham EfW,chineham_efw,facility,51.28,-1.08
https://api.openaq.org/v3/locations?coordinates=51.28000%2C-1.08000&radius=10000&limit=100&iso=GB,True,200,,,1,coordinates_lat_lon_radius_10000,Chineham EfW,chineham_efw,facility,51.28,-1.08
https://api.openaq.org/v3/locations?coordinates=-1.08000%2C51.28000&radius=10000&limit=25&iso=GB,True,200,,,0,diagnostic_coordinates_lon_lat,Chineham EfW,chineham_efw,facility,51.28,-1.08
https://api.openaq.org/v3/locations?bbox=-1.43903%2C51.05542%2C-0.72097%2C51.50458&limit=100&iso=GB,True,200,,,25,bbox_25km_lonlat,Chineham EfW,chineham_efw,facility,51.28,-1.08
https://api.openaq.org/v3/locations?bbox=-1.22361%2C51.19017%2C-0.93639%2C51.36983&limit=100&iso=GB,True,200,,,1,bbox_10km_lonlat,Chineham EfW,chineham_efw,facility,51.28,-1.08
https://api.openaq.org/v3/locations?coordinates=51.23854%2C-1.12983&radius=25000&limit=100&iso=GB,True,200,,,12,coordinates_lat_lon_radius_capped,Chineham EfW,chineham_efw,control,51.23854307327007,-1.129830699
https://api.openaq.org/v3/locations?coordinates=51.23854%2C-1.12983&radius=10000&limit=100&iso=GB,True,200,,,1,coordinates_lat_lon_radius_10000,Chineham EfW,chineham_efw,control,51.23854307327007,-1.129830699
https://api.openaq.org/v3/locations?coordinates=-1.12983%2C51.23854&radius=10000&limit=25&iso=GB,True,200,,,0,diagnostic_coordinates_lon_lat,Chineham EfW,chineham_efw,control,51.23854307327007,-1.129830699
https://api.openaq.org/v3/locations?bbox=-1.48854%2C51.01397%2C-0.77113%2C51.46312&limit=100&iso=GB,True,200,,,22,bbox_25km_lonlat,Chineham EfW,chineham_efw,control,51.23854307327007,-1.129830699
https://api.openaq.org/v3/locations?bbox=-1.27331%2C51.14871%2C-0.98635%2C51.32837&limit=100&iso=GB,True,200,,,1,bbox_10km_lonlat,Chineham EfW,chineham_efw,control,51.23854307327007,-1.129830699
https://api.openaq.org/v3/locations?coordinates=50.34000%2C-4.78000&radius=25000&limit=100&iso=GB,False,429,HTTPError,"{""detail"":""Too many requests""}",,coordinates_lat_lon_radius_capped,Cornwall ERC,cornwall_erc,facility,50.34,-4.78
https://api.openaq.org/v3/locations?coordinates=50.34000%2C-4.78000&radius=10000&limit=100&iso=GB,False,429,HTTPError,"{""detail"":""Too many requests""}",,coordinates_lat_lon_radius_10000,Cornwall ERC,cornwall_erc,facility,50.34,-4.78
https://api.openaq.org/v3/locations?coordinates=-4.78000%2C50.34000&radius=10000&limit=25&iso=GB,False,429,HTTPError,"{""detail"":""Too many requests""}",,diagnostic_coordinates_lon_lat,Cornwall ERC,cornwall_erc,facility,50.34,-4.78
https://api.openaq.org/v3/locations?bbox=-5.13188%2C50.11542%2C-4.42812%2C50.56458&limit=100&iso=GB,False,429,HTTPError,"{""detail"":""Too many requests""}",,bbox_25km_lonlat,Cornwall ERC,cornwall_erc,facility,50.34,-4.78
https://api.openaq.org/v3/locations?bbox=-4.92075%2C50.25017%2C-4.63925%2C50.42983&limit=100&iso=GB,False,429,HTTPError,"{""detail"":""Too many requests""}",,bbox_10km_lonlat,Cornwall ERC,cornwall_erc,facility,50.34,-4.78
https://api.openaq.org/v3/locations?coordinates=50.29979%2C-4.83682&radius=25000&limit=100&iso=GB,False,429,HTTPError,"{""detail"":""Too many requests""}",,coordinates_lat_lon_radius_capped,Cornwall ERC,cornwall_erc,control,50.29979236509264,-4.836818679
https://api.openaq.org/v3/locations?coordinates=50.29979%2C-4.83682&radius=10000&limit=100&iso=GB,False,429,HTTPError,"{""detail"":""Too many requests""}",,coordinates_lat_lon_radius_10000,Cornwall ERC,cornwall_erc,control,50.29979236509264,-4.836818679
https://api.openaq.org/v3/locations?coordinates=-4.83682%2C50.29979&radius=10000&limit=25&iso=GB,False,429,HTTPError,"{""detail"":""Too many requests""}",,diagnostic_coordinates_lon_lat,Cornwall ERC,cornwall_erc,control,50.29979236509264,-4.836818679
https://api.openaq.org/v3/locations?bbox=-5.18840%2C50.07521%2C-4.48524%2C50.52437&limit=100&iso=GB,False,429,HTTPError,"{""detail"":""Too many requests""}",,bbox_25km_lonlat,Cornwall ERC,cornwall_erc,control,50.29979236509264,-4.836818679
https://api.openaq.org/v3/locations?bbox=-4.97745%2C50.20996%2C-4.69619%2C50.38962&limit=100&iso=GB,False,429,HTTPError,"{""detail"":""Too many requests""}",,bbox_10km_lonlat,Cornwall ERC,cornwall_erc,control,50.29979236509264,-4.836818679
https://api.openaq.org/v3/locations?coordinates=51.49000%2C0.17000&radius=25000&limit=100&iso=GB,False,429,HTTPError,"{""detail"":""Too many requests""}",,coordinates_lat_lon_radius_capped,Crossness Sludge Plant,crossness_sludge_plant,facility,51.49,0.17
https://api.openaq.org/v3/locations?coordinates=51.49000%2C0.17000&radius=10000&limit=100&iso=GB,False,429,HTTPError,"{""detail"":""Too many requests""}",,coordinates_lat_lon_radius_10000,Crossness Sludge Plant,crossness_sludge_plant,facility,51.49,0.17
https://api.openaq.org/v3/locations?coordinates=0.17000%2C51.49000&radius=10000&limit=25&iso=GB,False,429,HTTPError,"{""detail"":""Too many requests""}",,diagnostic_coordinates_lon_lat,Crossness Sludge Plant,crossness_sludge_plant,facility,51.49,0.17
https://api.openaq.org/v3/locations?bbox=-0.19068%2C51.26542%2C0.53068%2C51.71458&limit=100&iso=GB,False,429,HTTPError,"{""detail"":""Too many requests""}",,bbox_25km_lonlat,Crossness Sludge Plant,crossness_sludge_plant,facility,51.49,0.17
https://api.openaq.org/v3/locations?bbox=0.02573%2C51.40017%2C0.31427%2C51.57983&limit=100&iso=GB,False,429,HTTPError,"{""detail"":""Too many requests""}",,bbox_10km_lonlat,Crossness Sludge Plant,crossness_sludge_plant,facility,51.49,0.17
https://api.openaq.org/v3/locations?coordinates=51.44774%2C0.11169&radius=25000&limit=100&iso=GB,False,429,HTTPError,"{""detail"":""Too many requests""}",,coordinates_lat_lon_radius_capped,Crossness Sludge Plant,crossness_sludge_plant,control,51.447741800347096,0.1116948458229027
https://api.openaq.org/v3/locations?coordinates=51.44774%2C0.11169&radius=10000&limit=100&iso=GB,False,429,HTTPError,"{""detail"":""Too many requests""}",,coordinates_lat_lon_radius_10000,Crossness Sludge Plant,crossness_sludge_plant,control,51.447741800347096,0.1116948458229027
https://api.openaq.org/v3/locations?coordinates=0.11169%2C51.44774&radius=10000&limit=25&iso=GB,False,429,HTTPError,"{""detail"":""Too many requests""}",,diagnostic_coordinates_lon_lat,Crossness Sludge Plant,crossness_sludge_plant,control,51.447741800347096,0.1116948458229027
https://api.openaq.org/v3/locations?bbox=-0.24865%2C51.22316%2C0.47204%2C51.67232&limit=100&iso=GB,False,429,HTTPError,"{""detail"":""Too many requests""}",,bbox_25km_lonlat,Crossness Sludge Plant,crossness_sludge_plant,control,51.447741800347096,0.1116948458229027
https://api.openaq.org/v3/locations?bbox=-0.03244%2C51.35791%2C0.25583%2C51.53757&limit=100&iso=GB,False,429,HTTPError,"{""detail"":""Too many requests""}",,bbox_10km_lonlat,Crossness Sludge Plant,crossness_sludge_plant,control,51.447741800347096,0.1116948458229027
https://api.openaq.org/v3/locations?coordinates=52.41000%2C-1.50000&radius=25000&limit=100&iso=GB,False,429,HTTPError,"{""detail"":""Too many requests""}",,coordinates_lat_lon_radius_capped,CSWDC Coventry,cswdc_coventry,facility,52.41,-1.5
https://api.openaq.org/v3/locations?coordinates=52.41000%2C-1.50000&radius=10000&limit=100&iso=GB,False,429,HTTPError,"{""detail"":""Too many requests""}",,coordinates_lat_lon_radius_10000,CSWDC Coventry,cswdc_coventry,facility,52.41,-1.5
https://api.openaq.org/v3/locations?coordinates=-1.50000%2C52.41000&radius=10000&limit=25&iso=GB,False,429,HTTPError,"{""detail"":""Too many requests""}",,diagnostic_coordinates_lon_lat,CSWDC Coventry,cswdc_coventry,facility,52.41,-1.5
https://api.openaq.org/v3/locations?bbox=-1.86816%2C52.18542%2C-1.13184%2C52.63458&limit=100&iso=GB,False,429,HTTPError,"{""detail"":""Too many requests""}",,bbox_25km_lonlat,CSWDC Coventry,cswdc_coventry,facility,52.41,-1.5
https://api.openaq.org/v3/locations?bbox=-1.64726%2C52.32017%2C-1.35274%2C52.49983&limit=100&iso=GB,False,429,HTTPError,"{""detail"":""Too many requests""}",,bbox_10km_lonlat,CSWDC Coventry,cswdc_coventry,facility,52.41,-1.5
https://api.openaq.org/v3/locations?coordinates=52.36455%2C-1.54975&radius=25000&limit=100&iso=GB,False,429,HTTPError,"{""detail"":""Too many requests""}",,coordinates_lat_lon_radius_capped,CSWDC Coventry,cswdc_coventry,control,52.36454639169282,-1.549754958
https://api.openaq.org/v3/locations?coordinates=52.36455%2C-1.54975&radius=10000&limit=100&iso=GB,False,429,HTTPError,"{""detail"":""Too many requests""}",,coordinates_lat_lon_radius_10000,CSWDC Coventry,cswdc_coventry,control,52.36454639169282,-1.549754958
https://api.openaq.org/v3/locations?coordinates=-1.54975%2C52.36455&radius=10000&limit=25&iso=GB,False,429,HTTPError,"{""detail"":""Too many requests""}",,diagnostic_coordinates_lon_lat,CSWDC Coventry,cswdc_coventry,control,52.36454639169282,-1.549754958
https://api.openaq.org/v3/locations?bbox=-1.91753%2C52.13997%2C-1.18198%2C52.58912&limit=100&iso=GB,False,429,HTTPError,"{""detail"":""Too many requests""}",,bbox_25km_lonlat,CSWDC Coventry,cswdc_coventry,control,52.36454639169282,-1.549754958
https://api.openaq.org/v3/locations?bbox=-1.69687%2C52.27472%2C-1.40264%2C52.45438&limit=100&iso=GB,False,429,HTTPError,"{""detail"":""Too many requests""}",,bbox_10km_lonlat,CSWDC Coventry,cswdc_coventry,control,52.36454639169282,-1.549754958
https://api.openaq.org/v3/locations?coordinates=50.37000%2C-4.14000&radius=25000&limit=100&iso=GB,False,429,HTTPError,"{""detail"":""Too many requests""}",,coordinates_lat_lon_radius_capped,Devonport Dockyard,devonport_dockyard,facility,50.37,-4.14
https://api.openaq.org/v3/locations?coordinates=50.37000%2C-4.14000&radius=10000&limit=100&iso=GB,False,429,HTTPError,"{""detail"":""Too many requests""}",,coordinates_lat_lon_radius_10000,Devonport Dockyard,devonport_dockyard,facility,50.37,-4.14
https://api.openaq.org/v3/locations?coordinates=-4.14000%2C50.37000&radius=10000&limit=25&iso=GB,False,429,HTTPError,"{""detail"":""Too many requests""}",,diagnostic_coordinates_lon_lat,Devonport Dockyard,devonport_dockyard,facility,50.37,-4.14
https://api.openaq.org/v3/locations?bbox=-4.49210%2C50.14542%2C-3.78790%2C50.59458&limit=100&iso=GB,False,429,HTTPError,"{""detail"":""Too many requests""}",,bbox_25km_lonlat,Devonport Dockyard,devonport_dockyard,facility,50.37,-4.14
https://api.openaq.org/v3/locations?bbox=-4.28084%2C50.28017%2C-3.99916%2C50.45983&limit=100&iso=GB,False,429,HTTPError,"{""detail"":""Too many requests""}",,bbox_10km_lonlat,Devonport Dockyard,devonport_dockyard,facility,50.37,-4.14
https://api.openaq.org/v3/locations?coordinates=50.31517%2C-4.19428&radius=25000&limit=100&iso=GB,False,429,HTTPError,"{""detail"":""Too many requests""}",,coordinates_lat_lon_radius_capped,Devonport Dockyard,devonport_dockyard,control,50.31517407885175,-4.194278016
https://api.openaq.org/v3/locations?coordinates=50.31517%2C-4.19428&radius=10000&limit=100&iso=GB,False,429,HTTPError,"{""detail"":""Too many requests""}",,coordinates_lat_lon_radius_10000,Devonport Dockyard,devonport_dockyard,control,50.31517407885175,-4.194278016
https://api.openaq.org/v3/locations?coordinates=-4.19428%2C50.31517&radius=10000&limit=25&iso=GB,False,429,HTTPError,"{""detail"":""Too many requests""}",,diagnostic_coordinates_lon_lat,Devonport Dockyard,devonport_dockyard,control,50.31517407885175,-4.194278016
https://api.openaq.org/v3/locations?bbox=-4.54597%2C50.09060%2C-3.84259%2C50.53975&limit=100&iso=GB,False,429,HTTPError,"{""detail"":""Too many requests""}",,bbox_25km_lonlat,Devonport Dockyard,devonport_dockyard,control,50.31517407885175,-4.194278016
https://api.openaq.org/v3/locations?bbox=-4.33495%2C50.22534%2C-4.05360%2C50.40501&limit=100&iso=GB,False,429,HTTPError,"{""detail"":""Too many requests""}",,bbox_10km_lonlat,Devonport Dockyard,devonport_dockyard,control,50.31517407885175,-4.194278016
https://api.openaq.org/v3/locations?coordinates=52.51000%2C-2.09000&radius=25000&limit=100&iso=GB,False,429,HTTPError,"{""detail"":""Too many requests""}",,coordinates_lat_lon_radius_capped,Dudley EfW,dudley_efw,facility,52.51,-2.09
https://api.openaq.org/v3/locations?coordinates=52.51000%2C-2.09000&radius=10000&limit=100&iso=GB,False,429,HTTPError,"{""detail"":""Too many requests""}",,coordinates_lat_lon_radius_10000,Dudley EfW,dudley_efw,facility,52.51,-2.09
https://api.openaq.org/v3/locations?coordinates=-2.09000%2C52.51000&radius=10000&limit=25&iso=GB,False,429,HTTPError,"{""detail"":""Too many requests""}",,diagnostic_coordinates_lon_lat,Dudley EfW,dudley_efw,facility,52.51,-2.09
https://api.openaq.org/v3/locations?bbox=-2.45899%2C52.28542%2C-1.72101%2C52.73458&limit=100&iso=GB,False,429,HTTPError,"{""detail"":""Too many requests""}",,bbox_25km_lonlat,Dudley EfW,dudley_efw,facility,52.51,-2.09
https://api.openaq.org/v3/locations?bbox=-2.23760%2C52.42017%2C-1.94240%2C52.59983&limit=100&iso=GB,False,429,HTTPError,"{""detail"":""Too many requests""}",,bbox_10km_lonlat,Dudley EfW,dudley_efw,facility,52.51,-2.09
https://api.openaq.org/v3/locations?coordinates=52.45918%2C-2.13188&radius=25000&limit=100&iso=GB,False,429,HTTPError,"{""detail"":""Too many requests""}",,coordinates_lat_lon_radius_capped,Dudley EfW,dudley_efw,control,52.45917999794322,-2.131878467
https://api.openaq.org/v3/locations?coordinates=52.45918%2C-2.13188&radius=10000&limit=100&iso=GB,False,429,HTTPError,"{""detail"":""Too many requests""}",,coordinates_lat_lon_radius_10000,Dudley EfW,dudley_efw,control,52.45917999794322,-2.131878467
https://api.openaq.org/v3/locations?coordinates=-2.13188%2C52.45918&radius=10000&limit=25&iso=GB,False,429,HTTPError,"{""detail"":""Too many requests""}",,diagnostic_coordinates_lon_lat,Dudley EfW,dudley_efw,control,52.45917999794322,-2.131878467
https://api.openaq.org/v3/locations?bbox=-2.50045%2C52.23460%2C-1.76331%2C52.68376&limit=100&iso=GB,False,429,HTTPError,"{""detail"":""Too many requests""}",,bbox_25km_lonlat,Dudley EfW,dudley_efw,control,52.45917999794322,-2.131878467
https://api.openaq.org/v3/locations?bbox=-2.27931%2C52.36935%2C-1.98445%2C52.54901&limit=100&iso=GB,False,429,HTTPError,"{""detail"":""Too many requests""}",,bbox_10km_lonlat,Dudley EfW,dudley_efw,control,52.45917999794322,-2.131878467
https://api.openaq.org/v3/locations?coordinates=52.97000%2C-1.15000&radius=25000&limit=100&iso=GB,False,429,HTTPError,"{""detail"":""Too many requests""}",,coordinates_lat_lon_radius_capped,Eastcroft EfW,eastcroft_efw,facility,52.97,-1.15
https://api.openaq.org/v3/locations?coordinates=52.97000%2C-1.15000&radius=10000&limit=100&iso=GB,False,429,HTTPError,"{""detail"":""Too many requests""}",,coordinates_lat_lon_radius_10000,Eastcroft EfW,eastcroft_efw,facility,52.97,-1.15
https://api.openaq.org/v3/locations?coordinates=-1.15000%2C52.97000&radius=10000&limit=25&iso=GB,False,429,HTTPError,"{""detail"":""Too many requests""}",,diagnostic_coordinates_lon_lat,Eastcroft EfW,eastcroft_efw,facility,52.97,-1.15
https://api.openaq.org/v3/locations?bbox=-1.52291%2C52.74542%2C-0.77709%2C53.19458&limit=100&iso=GB,False,429,HTTPError,"{""detail"":""Too many requests""}",,bbox_25km_lonlat,Eastcroft EfW,eastcroft_efw,facility,52.97,-1.15
https://api.openaq.org/v3/locations?bbox=-1.29916%2C52.88017%2C-1.00084%2C53.05983&limit=100&iso=GB,False,429,HTTPError,"{""detail"":""Too many requests""}",,bbox_10km_lonlat,Eastcroft EfW,eastcroft_efw,facility,52.97,-1.15
https://api.openaq.org/v3/locations?coordinates=52.91239%2C-1.19418&radius=25000&limit=100&iso=GB,False,429,HTTPError,"{""detail"":""Too many requests""}",,coordinates_lat_lon_radius_capped,Eastcroft EfW,eastcroft_efw,control,52.91238906872195,-1.194184865
https://api.openaq.org/v3/locations?coordinates=52.91239%2C-1.19418&radius=10000&limit=100&iso=GB,False,429,HTTPError,"{""detail"":""Too many requests""}",,coordinates_lat_lon_radius_10000,Eastcroft EfW,eastcroft_efw,control,52.91238906872195,-1.194184865
https://api.openaq.org/v3/locations?coordinates=-1.19418%2C52.91239&radius=10000&limit=25&iso=GB,False,429,HTTPError,"{""detail"":""Too many requests""}",,diagnostic_coordinates_lon_lat,Eastcroft EfW,eastcroft_efw,control,52.91238906872195,-1.194184865
https://api.openaq.org/v3/locations?bbox=-1.56660%2C52.68781%2C-0.82177%2C53.13697&limit=100&iso=GB,False,429,HTTPError,"{""detail"":""Too many requests""}",,bbox_25km_lonlat,Eastcroft EfW,eastcroft_efw,control,52.91238906872195,-1.194184865
https://api.openaq.org/v3/locations?bbox=-1.34315%2C52.82256%2C-1.04522%2C53.00222&limit=100&iso=GB,False,429,HTTPError,"{""detail"":""Too many requests""}",,bbox_10km_lonlat,Eastcroft EfW,eastcroft_efw,control,52.91238906872195,-1.194184865
https://api.openaq.org/v3/locations?coordinates=50.73000%2C-3.52000&radius=25000&limit=100&iso=GB,False,429,HTTPError,"{""detail"":""Too many requests""}",,coordinates_lat_lon_radius_capped,Exeter ERF,exeter_erf,facility,50.73,-3.52
https://api.openaq.org/v3/locations?coordinates=50.73000%2C-3.52000&radius=10000&limit=100&iso=GB,False,429,HTTPError,"{""detail"":""Too many requests""}",,coordinates_lat_lon_radius_10000,Exeter ERF,exeter_erf,facility,50.73,-3.52
https://api.openaq.org/v3/locations?coordinates=-3.52000%2C50.73000&radius=10000&limit=25&iso=GB,False,429,HTTPError,"{""detail"":""Too many requests""}",,diagnostic_coordinates_lon_lat,Exeter ERF,exeter_erf,facility,50.73,-3.52
https://api.openaq.org/v3/locations?bbox=-3.87480%2C50.50542%2C-3.16520%2C50.95458&limit=100&iso=GB,False,429,HTTPError,"{""detail"":""Too many requests""}",,bbox_25km_lonlat,Exeter ERF,exeter_erf,facility,50.73,-3.52
https://api.openaq.org/v3/locations?bbox=-3.66192%2C50.64017%2C-3.37808%2C50.81983&limit=100&iso=GB,False,429,HTTPError,"{""detail"":""Too many requests""}",,bbox_10km_lonlat,Exeter ERF,exeter_erf,facility,50.73,-3.52
https://api.openaq.org/v3/locations?coordinates=50.67113%2C-3.57014&radius=25000&limit=100&iso=GB,False,429,HTTPError,"{""detail"":""Too many requests""}",,coordinates_lat_lon_radius_capped,Exeter ERF,exeter_erf,control,50.671132528891306,-3.570141056
https://api.openaq.org/v3/locations?coordinates=50.67113%2C-3.57014&radius=10000&limit=100&iso=GB,False,429,HTTPError,"{""detail"":""Too many requests""}",,coordinates_lat_lon_radius_10000,Exeter ERF,exeter_erf,control,50.671132528891306,-3.570141056
https://api.openaq.org/v3/locations?coordinates=-3.57014%2C50.67113&radius=10000&limit=25&iso=GB,False,429,HTTPError,"{""detail"":""Too many requests""}",,diagnostic_coordinates_lon_lat,Exeter ERF,exeter_erf,control,50.671132528891306,-3.570141056
https://api.openaq.org/v3/locations?bbox=-3.92449%2C50.44655%2C-3.21579%2C50.89571&limit=100&iso=GB,False,429,HTTPError,"{""detail"":""Too many requests""}",,bbox_25km_lonlat,Exeter ERF,exeter_erf,control,50.671132528891306,-3.570141056
https://api.openaq.org/v3/locations?bbox=-3.71188%2C50.58130%2C-3.42840%2C50.76096&limit=100&iso=GB,False,429,HTTPError,"{""detail"":""Too many requests""}",,bbox_10km_lonlat,Exeter ERF,exeter_erf,control,50.671132528891306,-3.570141056
https://api.openaq.org/v3/locations?coordinates=50.82000%2C-1.35000&radius=25000&limit=100&iso=GB,False,429,HTTPError,"{""detail"":""Too many requests""}",,coordinates_lat_lon_radius_capped,Fawley Incinerator,fawley_incinerator,facility,50.82,-1.35
https://api.openaq.org/v3/locations?coordinates=50.82000%2C-1.35000&radius=10000&limit=100&iso=GB,False,429,HTTPError,"{""detail"":""Too many requests""}",,coordinates_lat_lon_radius_10000,Fawley Incinerator,fawley_incinerator,facility,50.82,-1.35
https://api.openaq.org/v3/locations?coordinates=-1.35000%2C50.82000&radius=10000&limit=25&iso=GB,False,429,HTTPError,"{""detail"":""Too many requests""}",,diagnostic_coordinates_lon_lat,Fawley Incinerator,fawley_incinerator,facility,50.82,-1.35
https://api.openaq.org/v3/locations?bbox=-1.70548%2C50.59542%2C-0.99452%2C51.04458&limit=100&iso=GB,False,429,HTTPError,"{""detail"":""Too many requests""}",,bbox_25km_lonlat,Fawley Incinerator,fawley_incinerator,facility,50.82,-1.35
https://api.openaq.org/v3/locations?bbox=-1.49219%2C50.73017%2C-1.20781%2C50.90983&limit=100&iso=GB,False,429,HTTPError,"{""detail"":""Too many requests""}",,bbox_10km_lonlat,Fawley Incinerator,fawley_incinerator,facility,50.82,-1.35
https://api.openaq.org/v3/locations?coordinates=50.76562%2C-1.39052&radius=25000&limit=100&iso=GB,False,429,HTTPError,"{""detail"":""Too many requests""}",,coordinates_lat_lon_radius_capped,Fawley Incinerator,fawley_incinerator,control,50.76562319187193,-1.390515676
https://api.openaq.org/v3/locations?coordinates=50.76562%2C-1.39052&radius=10000&limit=100&iso=GB,False,429,HTTPError,"{""detail"":""Too many requests""}",,coordinates_lat_lon_radius_10000,Fawley Incinerator,fawley_incinerator,control,50.76562319187193,-1.390515676
https://api.openaq.org/v3/locations?coordinates=-1.39052%2C50.76562&radius=10000&limit=25&iso=GB,False,429,HTTPError,"{""detail"":""Too many requests""}",,diagnostic_coordinates_lon_lat,Fawley Incinerator,fawley_incinerator,control,50.76562319187193,-1.390515676
https://api.openaq.org/v3/locations?bbox=-1.74558%2C50.54105%2C-1.03545%2C50.99020&limit=100&iso=GB,False,429,HTTPError,"{""detail"":""Too many requests""}",,bbox_25km_lonlat,Fawley Incinerator,fawley_incinerator,control,50.76562319187193,-1.390515676
https://api.openaq.org/v3/locations?bbox=-1.53254%2C50.67579%2C-1.24849%2C50.85545&limit=100&iso=GB,False,429,HTTPError,"{""detail"":""Too many requests""}",,bbox_10km_lonlat,Fawley Incinerator,fawley_incinerator,control,50.76562319187193,-1.390515676
https://api.openaq.org/v3/locations?coordinates=53.73000%2C-1.38000&radius=25000&limit=100&iso=GB,False,429,HTTPError,"{""detail"":""Too many requests""}",,coordinates_lat_lon_radius_capped,Ferrybridge MF2,ferrybridge_mf2,facility,53.73,-1.38
https://api.openaq.org/v3/locations?coordinates=53.73000%2C-1.38000&radius=10000&limit=100&iso=GB,False,429,HTTPError,"{""detail"":""Too many requests""}",,coordinates_lat_lon_radius_10000,Ferrybridge MF2,ferrybridge_mf2,facility,53.73,-1.38
https://api.openaq.org/v3/locations?coordinates=-1.38000%2C53.73000&radius=10000&limit=25&iso=GB,False,429,HTTPError,"{""detail"":""Too many requests""}",,diagnostic_coordinates_lon_lat,Ferrybridge MF2,ferrybridge_mf2,facility,53.73,-1.38
https://api.openaq.org/v3/locations?bbox=-1.75962%2C53.50542%2C-1.00038%2C53.95458&limit=100&iso=GB,False,429,HTTPError,"{""detail"":""Too many requests""}",,bbox_25km_lonlat,Ferrybridge MF2,ferrybridge_mf2,facility,53.73,-1.38
https://api.openaq.org/v3/locations?bbox=-1.53185%2C53.64017%2C-1.22815%2C53.81983&limit=100&iso=GB,False,429,HTTPError,"{""detail"":""Too many requests""}",,bbox_10km_lonlat,Ferrybridge MF2,ferrybridge_mf2,facility,53.73,-1.38
https://api.openaq.org/v3/locations?coordinates=53.67552%2C-1.42697&radius=25000&limit=100&iso=GB,False,429,HTTPError,"{""detail"":""Too many requests""}",,coordinates_lat_lon_radius_capped,Ferrybridge MF2,ferrybridge_mf2,control,53.67551868420624,-1.426969384
https://api.openaq.org/v3/locations?coordinates=53.67552%2C-1.42697&radius=10000&limit=100&iso=GB,False,429,HTTPError,"{""detail"":""Too many requests""}",,coordinates_lat_lon_radius_10000,Ferrybridge MF2,ferrybridge_mf2,control,53.67551868420624,-1.426969384
https://api.openaq.org/v3/locations?coordinates=-1.42697%2C53.67552&radius=10000&limit=25&iso=GB,False,429,HTTPError,"{""detail"":""Too many requests""}",,diagnostic_coordinates_lon_lat,Ferrybridge MF2,ferrybridge_mf2,control,53.67551868420624,-1.426969384
https://api.openaq.org/v3/locations?bbox=-1.80609%2C53.45094%2C-1.04784%2C53.90010&limit=100&iso=GB,False,429,HTTPError,"{""detail"":""Too many requests""}",,bbox_25km_lonlat,Ferrybridge MF2,ferrybridge_mf2,control,53.67551868420624,-1.426969384
https://api.openaq.org/v3/locations?bbox=-1.57862%2C53.58569%2C-1.27532%2C53.76535&limit=100&iso=GB,True,200,,,0,bbox_10km_lonlat,Ferrybridge MF2,ferrybridge_mf2,control,53.67551868420624,-1.426969384
https://api.openaq.org/v3/locations?coordinates=53.60000%2C-0.40000&radius=25000&limit=100&iso=GB,True,200,,,5,coordinates_lat_lon_radius_capped,Glanford PS,glanford_ps,facility,53.6,-0.4
https://api.openaq.org/v3/locations?coordinates=53.60000%2C-0.40000&radius=10000&limit=100&iso=GB,True,200,,,0,coordinates_lat_lon_radius_10000,Glanford PS,glanford_ps,facility,53.6,-0.4
https://api.openaq.org/v3/locations?coordinates=-0.40000%2C53.60000&radius=10000&limit=25&iso=GB,True,200,,,0,diagnostic_coordinates_lon_lat,Glanford PS,glanford_ps,facility,53.6,-0.4
https://api.openaq.org/v3/locations?bbox=-0.77845%2C53.37542%2C-0.02155%2C53.82458&limit=100&iso=GB,True,200,,,5,bbox_25km_lonlat,Glanford PS,glanford_ps,facility,53.6,-0.4
https://api.openaq.org/v3/locations?bbox=-0.55138%2C53.51017%2C-0.24862%2C53.68983&limit=100&iso=GB,True,200,,,0,bbox_10km_lonlat,Glanford PS,glanford_ps,facility,53.6,-0.4
https://api.openaq.org/v3/locations?coordinates=53.55342%2C-0.45517&radius=25000&limit=100&iso=GB,True,200,,,5,coordinates_lat_lon_radius_capped,Glanford PS,glanford_ps,control,53.553422506888246,-0.455166807
https://api.openaq.org/v3/locations?coordinates=53.55342%2C-0.45517&radius=10000&limit=100&iso=GB,True,200,,,0,coordinates_lat_lon_radius_10000,Glanford PS,glanford_ps,control,53.553422506888246,-0.455166807
https://api.openaq.org/v3/locations?coordinates=-0.45517%2C53.55342&radius=10000&limit=25&iso=GB,True,200,,,0,diagnostic_coordinates_lon_lat,Glanford PS,glanford_ps,control,53.553422506888246,-0.455166807
https://api.openaq.org/v3/locations?bbox=-0.83320%2C53.32884%2C-0.07714%2C53.77800&limit=100&iso=GB,True,200,,,5,bbox_25km_lonlat,Glanford PS,glanford_ps,control,53.553422506888246,-0.455166807
https://api.openaq.org/v3/locations?bbox=-0.60638%2C53.46359%2C-0.30395%2C53.64325&limit=100&iso=GB,True,200,,,0,bbox_10km_lonlat,Glanford PS,glanford_ps,control,53.553422506888246,-0.455166807
https://api.openaq.org/v3/locations?coordinates=51.85000%2C-2.28000&radius=25000&limit=100&iso=GB,True,200,,,1,coordinates_lat_lon_radius_capped,Gloucestershire Javelin Park,gloucestershire_javelin_park,facility,51.85,-2.28
https://api.openaq.org/v3/locations?coordinates=51.85000%2C-2.28000&radius=10000&limit=100&iso=GB,True,200,,,0,coordinates_lat_lon_radius_10000,Gloucestershire Javelin Park,gloucestershire_javelin_park,facility,51.85,-2.28
https://api.openaq.org/v3/locations?coordinates=-2.28000%2C51.85000&radius=10000&limit=25&iso=GB,True,200,,,0,diagnostic_coordinates_lon_lat,Gloucestershire Javelin Park,gloucestershire_javelin_park,facility,51.85,-2.28
https://api.openaq.org/v3/locations?bbox=-2.64356%2C51.62542%2C-1.91644%2C52.07458&limit=100&iso=GB,True,200,,,1,bbox_25km_lonlat,Gloucestershire Javelin Park,gloucestershire_javelin_park,facility,51.85,-2.28
https://api.openaq.org/v3/locations?bbox=-2.42542%2C51.76017%2C-2.13458%2C51.93983&limit=100&iso=GB,True,200,,,0,bbox_10km_lonlat,Gloucestershire Javelin Park,gloucestershire_javelin_park,facility,51.85,-2.28
https://api.openaq.org/v3/locations?coordinates=51.79140%2C-2.33357&radius=25000&limit=100&iso=GB,True,200,,,1,coordinates_lat_lon_radius_capped,Gloucestershire Javelin Park,gloucestershire_javelin_park,control,51.79139932493464,-2.333569123
https://api.openaq.org/v3/locations?coordinates=51.79140%2C-2.33357&radius=10000&limit=100&iso=GB,True,200,,,0,coordinates_lat_lon_radius_10000,Gloucestershire Javelin Park,gloucestershire_javelin_park,control,51.79139932493464,-2.333569123
https://api.openaq.org/v3/locations?coordinates=-2.33357%2C51.79140&radius=10000&limit=25&iso=GB,True,200,,,0,diagnostic_coordinates_lon_lat,Gloucestershire Javelin Park,gloucestershire_javelin_park,control,51.79139932493464,-2.333569123
https://api.openaq.org/v3/locations?bbox=-2.69665%2C51.56682%2C-1.97048%2C52.01598&limit=100&iso=GB,True,200,,,2,bbox_25km_lonlat,Gloucestershire Javelin Park,gloucestershire_javelin_park,control,51.79139932493464,-2.333569123
https://api.openaq.org/v3/locations?bbox=-2.47880%2C51.70157%2C-2.18834%2C51.88123&limit=100&iso=GB,True,200,,,0,bbox_10km_lonlat,Gloucestershire Javelin Park,gloucestershire_javelin_park,control,51.79139932493464,-2.333569123
https://api.openaq.org/v3/locations?coordinates=52.12000%2C1.13000&radius=25000&limit=100&iso=GB,True,200,,,0,coordinates_lat_lon_radius_capped,Great Blakenham EfW,great_blakenham_efw,facility,52.12,1.13
https://api.openaq.org/v3/locations?coordinates=52.12000%2C1.13000&radius=10000&limit=100&iso=GB,True,200,,,0,coordinates_lat_lon_radius_10000,Great Blakenham EfW,great_blakenham_efw,facility,52.12,1.13
https://api.openaq.org/v3/locations?coordinates=1.13000%2C52.12000&radius=10000&limit=25&iso=GB,True,200,,,0,diagnostic_coordinates_lon_lat,Great Blakenham EfW,great_blakenham_efw,facility,52.12,1.13
https://api.openaq.org/v3/locations?bbox=0.76424%2C51.89542%2C1.49576%2C52.34458&limit=100&iso=GB,True,200,,,1,bbox_25km_lonlat,Great Blakenham EfW,great_blakenham_efw,facility,52.12,1.13
https://api.openaq.org/v3/locations?bbox=0.98370%2C52.03017%2C1.27630%2C52.20983&limit=100&iso=GB,True,200,,,0,bbox_10km_lonlat,Great Blakenham EfW,great_blakenham_efw,facility,52.12,1.13
https://api.openaq.org/v3/locations?coordinates=52.07658%2C1.08799&radius=25000&limit=100&iso=GB,True,200,,,0,coordinates_lat_lon_radius_capped,Great Blakenham EfW,great_blakenham_efw,control,52.076580980687936,1.0879925130189858
https://api.openaq.org/v3/locations?coordinates=52.07658%2C1.08799&radius=10000&limit=100&iso=GB,True,200,,,0,coordinates_lat_lon_radius_10000,Great Blakenham EfW,great_blakenham_efw,control,52.076580980687936,1.0879925130189858
https://api.openaq.org/v3/locations?coordinates=1.08799%2C52.07658&radius=10000&limit=25&iso=GB,True,200,,,0,diagnostic_coordinates_lon_lat,Great Blakenham EfW,great_blakenham_efw,control,52.076580980687936,1.0879925130189858
https://api.openaq.org/v3/locations?bbox=0.72259%2C51.85200%2C1.45339%2C52.30116&limit=100&iso=GB,True,200,,,0,bbox_25km_lonlat,Great Blakenham EfW,great_blakenham_efw,control,52.076580980687936,1.0879925130189858
https://api.openaq.org/v3/locations?bbox=0.94183%2C51.98675%2C1.23415%2C52.16641&limit=100&iso=GB,True,200,,,0,bbox_10km_lonlat,Great Blakenham EfW,great_blakenham_efw,control,52.076580980687936,1.0879925130189858
https://api.openaq.org/v3/locations?coordinates=51.92000%2C-0.87000&radius=25000&limit=100&iso=GB,True,200,,,8,coordinates_lat_lon_radius_capped,Greatmoor EfW,greatmoor_efw,facility,51.92,-0.87
https://api.openaq.org/v3/locations?coordinates=51.92000%2C-0.87000&radius=10000&limit=100&iso=GB,True,200,,,3,coordinates_lat_lon_radius_10000,Greatmoor EfW,greatmoor_efw,facility,51.92,-0.87
https://api.openaq.org/v3/locations?coordinates=-0.87000%2C51.92000&radius=10000&limit=25&iso=GB,True,200,,,0,diagnostic_coordinates_lon_lat,Greatmoor EfW,greatmoor_efw,facility,51.92,-0.87
https://api.openaq.org/v3/locations?bbox=-1.23412%2C51.69542%2C-0.50588%2C52.14458&limit=100&iso=GB,True,200,,,9,bbox_25km_lonlat,Greatmoor EfW,greatmoor_efw,facility,51.92,-0.87
https://api.openaq.org/v3/locations?bbox=-1.01565%2C51.83017%2C-0.72435%2C52.00983&limit=100&iso=GB,True,200,,,3,bbox_10km_lonlat,Greatmoor EfW,greatmoor_efw,facility,51.92,-0.87
https://api.openaq.org/v3/locations?coordinates=51.87051%2C-0.92905&radius=25000&limit=100&iso=GB,True,200,,,9,coordinates_lat_lon_radius_capped,Greatmoor EfW,greatmoor_efw,control,51.87050624533559,-0.929049115
https://api.openaq.org/v3/locations?coordinates=51.87051%2C-0.92905&radius=10000&limit=100&iso=GB,True,200,,,2,coordinates_lat_lon_radius_10000,Greatmoor EfW,greatmoor_efw,control,51.87050624533559,-0.929049115
https://api.openaq.org/v3/locations?coordinates=-0.92905%2C51.87051&radius=10000&limit=25&iso=GB,True,200,,,0,diagnostic_coordinates_lon_lat,Greatmoor EfW,greatmoor_efw,control,51.87050624533559,-0.929049115
https://api.openaq.org/v3/locations?bbox=-1.29277%2C51.64593%2C-0.56533%2C52.09508&limit=100&iso=GB,True,200,,,11,bbox_25km_lonlat,Greatmoor EfW,greatmoor_efw,control,51.87050624533559,-0.929049115
https://api.openaq.org/v3/locations?bbox=-1.07454%2C51.78068%2C-0.78356%2C51.96034&limit=100&iso=GB,True,200,,,2,bbox_10km_lonlat,Greatmoor EfW,greatmoor_efw,control,51.87050624533559,-0.929049115
https://api.openaq.org/v3/locations?coordinates=52.36000%2C-2.27000&radius=25000&limit=100&iso=GB,True,200,,,5,coordinates_lat_lon_radius_capped,Hartlebury EfW,hartlebury_efw,facility,52.36,-2.27
https://api.openaq.org/v3/locations?coordinates=52.36000%2C-2.27000&radius=10000&limit=100&iso=GB,True,200,,,0,coordinates_lat_lon_radius_10000,Hartlebury EfW,hartlebury_efw,facility,52.36,-2.27
https://api.openaq.org/v3/locations?coordinates=-2.27000%2C52.36000&radius=10000&limit=25&iso=GB,True,200,,,0,diagnostic_coordinates_lon_lat,Hartlebury EfW,hartlebury_efw,facility,52.36,-2.27
https://api.openaq.org/v3/locations?bbox=-2.63774%2C52.13542%2C-1.90226%2C52.58458&limit=100&iso=GB,True,200,,,24,bbox_25km_lonlat,Hartlebury EfW,hartlebury_efw,facility,52.36,-2.27
https://api.openaq.org/v3/locations?bbox=-2.41710%2C52.27017%2C-2.12290%2C52.44983&limit=100&iso=GB,True,200,,,0,bbox_10km_lonlat,Hartlebury EfW,hartlebury_efw,facility,52.36,-2.27
https://api.openaq.org/v3/locations?coordinates=52.30630%2C-2.32304&radius=25000&limit=100&iso=GB,True,200,,,1,coordinates_lat_lon_radius_capped,Hartlebury EfW,hartlebury_efw,control,52.30630369696547,-2.323040252
https://api.openaq.org/v3/locations?coordinates=52.30630%2C-2.32304&radius=10000&limit=100&iso=GB,True,200,,,0,coordinates_lat_lon_radius_10000,Hartlebury EfW,hartlebury_efw,control,52.30630369696547,-2.323040252
https://api.openaq.org/v3/locations?coordinates=-2.32304%2C52.30630&radius=10000&limit=25&iso=GB,True,200,,,0,diagnostic_coordinates_lon_lat,Hartlebury EfW,hartlebury_efw,control,52.30630369696547,-2.323040252
https://api.openaq.org/v3/locations?bbox=-2.69033%2C52.08173%2C-1.95575%2C52.53088&limit=100&iso=GB,True,200,,,4,bbox_25km_lonlat,Hartlebury EfW,hartlebury_efw,control,52.30630369696547,-2.323040252
https://api.openaq.org/v3/locations?bbox=-2.46996%2C52.21647%2C-2.17612%2C52.39613&limit=100&iso=GB,True,200,,,0,bbox_10km_lonlat,Hartlebury EfW,hartlebury_efw,control,52.30630369696547,-2.323040252
https://api.openaq.org/v3/locations?coordinates=54.24000%2C-4.47000&radius=25000&limit=100&iso=GB,True,200,,,0,coordinates_lat_lon_radius_capped,Isle of Man Incinerator,isle_of_man_incinerator,facility,54.24,-4.47
https://api.openaq.org/v3/locations?coordinates=54.24000%2C-4.47000&radius=10000&limit=100&iso=GB,True,200,,,0,coordinates_lat_lon_radius_10000,Isle of Man Incinerator,isle_of_man_incinerator,facility,54.24,-4.47
https://api.openaq.org/v3/locations?coordinates=-4.47000%2C54.24000&radius=10000&limit=25&iso=GB,True,200,,,0,diagnostic_coordinates_lon_lat,Isle of Man Incinerator,isle_of_man_incinerator,facility,54.24,-4.47
https://api.openaq.org/v3/locations?bbox=-4.85429%2C54.01542%2C-4.08571%2C54.46458&limit=100&iso=GB,True,200,,,0,bbox_25km_lonlat,Isle of Man Incinerator,isle_of_man_incinerator,facility,54.24,-4.47
https://api.openaq.org/v3/locations?bbox=-4.62372%2C54.15017%2C-4.31628%2C54.32983&limit=100&iso=GB,True,200,,,0,bbox_10km_lonlat,Isle of Man Incinerator,isle_of_man_incinerator,facility,54.24,-4.47
https://api.openaq.org/v3/locations?coordinates=54.18301%2C-4.51429&radius=25000&limit=100&iso=GB,True,200,,,0,coordinates_lat_lon_radius_capped,Isle of Man Incinerator,isle_of_man_incinerator,control,54.18300750114178,-4.514289539
https://api.openaq.org/v3/locations?coordinates=54.18301%2C-4.51429&radius=10000&limit=100&iso=GB,True,200,,,0,coordinates_lat_lon_radius_10000,Isle of Man Incinerator,isle_of_man_incinerator,control,54.18300750114178,-4.514289539
https://api.openaq.org/v3/locations?coordinates=-4.51429%2C54.18301&radius=10000&limit=25&iso=GB,True,200,,,0,diagnostic_coordinates_lon_lat,Isle of Man Incinerator,isle_of_man_incinerator,control,54.18300750114178,-4.514289539
https://api.openaq.org/v3/locations?bbox=-4.89805%2C53.95843%2C-4.13053%2C54.40759&limit=100&iso=GB,True,200,,,0,bbox_25km_lonlat,Isle of Man Incinerator,isle_of_man_incinerator,control,54.18300750114178,-4.514289539
https://api.openaq.org/v3/locations?bbox=-4.66779%2C54.09318%2C-4.36078%2C54.27284&limit=100&iso=GB,False,429,HTTPError,"{""detail"":""Too many requests""}",,bbox_10km_lonlat,Isle of Man Incinerator,isle_of_man_incinerator,control,54.18300750114178,-4.514289539
https://api.openaq.org/v3/locations?coordinates=50.70000%2C-1.28000&radius=25000&limit=100&iso=GB,False,429,HTTPError,"{""detail"":""Too many requests""}",,coordinates_lat_lon_radius_capped,Isle of Wight Gasification,isle_of_wight_gasification,facility,50.7,-1.28
https://api.openaq.org/v3/locations?coordinates=50.70000%2C-1.28000&radius=10000&limit=100&iso=GB,False,429,HTTPError,"{""detail"":""Too many requests""}",,coordinates_lat_lon_radius_10000,Isle of Wight Gasification,isle_of_wight_gasification,facility,50.7,-1.28
https://api.openaq.org/v3/locations?coordinates=-1.28000%2C50.70000&radius=10000&limit=25&iso=GB,False,429,HTTPError,"{""detail"":""Too many requests""}",,diagnostic_coordinates_lon_lat,Isle of Wight Gasification,isle_of_wight_gasification,facility,50.7,-1.28
https://api.openaq.org/v3/locations?bbox=-1.63457%2C50.47542%2C-0.92543%2C50.92458&limit=100&iso=GB,False,429,HTTPError,"{""detail"":""Too many requests""}",,bbox_25km_lonlat,Isle of Wight Gasification,isle_of_wight_gasification,facility,50.7,-1.28
https://api.openaq.org/v3/locations?bbox=-1.42183%2C50.61017%2C-1.13817%2C50.78983&limit=100&iso=GB,False,429,HTTPError,"{""detail"":""Too many requests""}",,bbox_10km_lonlat,Isle of Wight Gasification,isle_of_wight_gasification,facility,50.7,-1.28
https://api.openaq.org/v3/locations?coordinates=50.64825%2C-1.33791&radius=25000&limit=100&iso=GB,False,429,HTTPError,"{""detail"":""Too many requests""}",,coordinates_lat_lon_radius_capped,Isle of Wight Gasification,isle_of_wight_gasification,control,50.64825093318034,-1.337914741
https://api.openaq.org/v3/locations?coordinates=50.64825%2C-1.33791&radius=10000&limit=100&iso=GB,False,429,HTTPError,"{""detail"":""Too many requests""}",,coordinates_lat_lon_radius_10000,Isle of Wight Gasification,isle_of_wight_gasification,control,50.64825093318034,-1.337914741
https://api.openaq.org/v3/locations?coordinates=-1.33791%2C50.64825&radius=10000&limit=25&iso=GB,False,429,HTTPError,"{""detail"":""Too many requests""}",,diagnostic_coordinates_lon_lat,Isle of Wight Gasification,isle_of_wight_gasification,control,50.64825093318034,-1.337914741
https://api.openaq.org/v3/locations?bbox=-1.69209%2C50.42367%2C-0.98374%2C50.87283&limit=100&iso=GB,False,429,HTTPError,"{""detail"":""Too many requests""}",,bbox_25km_lonlat,Isle of Wight Gasification,isle_of_wight_gasification,control,50.64825093318034,-1.337914741
https://api.openaq.org/v3/locations?bbox=-1.47959%2C50.55842%2C-1.19624%2C50.73808&limit=100&iso=GB,False,429,HTTPError,"{""detail"":""Too many requests""}",,bbox_10km_lonlat,Isle of Wight Gasification,isle_of_wight_gasification,control,50.64825093318034,-1.337914741
https://api.openaq.org/v3/locations?coordinates=53.64000%2C-1.80000&radius=25000&limit=100&iso=GB,False,429,HTTPError,"{""detail"":""Too many requests""}",,coordinates_lat_lon_radius_capped,Kirklees EfW,kirklees_efw,facility,53.64,-1.8
https://api.openaq.org/v3/locations?coordinates=53.64000%2C-1.80000&radius=10000&limit=100&iso=GB,False,429,HTTPError,"{""detail"":""Too many requests""}",,coordinates_lat_lon_radius_10000,Kirklees EfW,kirklees_efw,facility,53.64,-1.8
https://api.openaq.org/v3/locations?coordinates=-1.80000%2C53.64000&radius=10000&limit=25&iso=GB,False,429,HTTPError,"{""detail"":""Too many requests""}",,diagnostic_coordinates_lon_lat,Kirklees EfW,kirklees_efw,facility,53.64,-1.8
https://api.openaq.org/v3/locations?bbox=-2.17881%2C53.41542%2C-1.42119%2C53.86458&limit=100&iso=GB,False,429,HTTPError,"{""detail"":""Too many requests""}",,bbox_25km_lonlat,Kirklees EfW,kirklees_efw,facility,53.64,-1.8
https://api.openaq.org/v3/locations?bbox=-1.95152%2C53.55017%2C-1.64848%2C53.72983&limit=100&iso=GB,False,429,HTTPError,"{""detail"":""Too many requests""}",,bbox_10km_lonlat,Kirklees EfW,kirklees_efw,facility,53.64,-1.8
https://api.openaq.org/v3/locations?coordinates=53.59280%2C-1.84096&radius=25000&limit=100&iso=GB,False,429,HTTPError,"{""detail"":""Too many requests""}",,coordinates_lat_lon_radius_capped,Kirklees EfW,kirklees_efw,control,53.59280444,-1.840956726
https://api.openaq.org/v3/locations?coordinates=53.59280%2C-1.84096&radius=10000&limit=100&iso=GB,False,429,HTTPError,"{""detail"":""Too many requests""}",,coordinates_lat_lon_radius_10000,Kirklees EfW,kirklees_efw,control,53.59280444,-1.840956726
https://api.openaq.org/v3/locations?coordinates=-1.84096%2C53.59280&radius=10000&limit=25&iso=GB,False,429,HTTPError,"{""detail"":""Too many requests""}",,diagnostic_coordinates_lon_lat,Kirklees EfW,kirklees_efw,control,53.59280444,-1.840956726
https://api.openaq.org/v3/locations?bbox=-2.21934%2C53.36823%2C-1.46257%2C53.81738&limit=100&iso=GB,False,429,HTTPError,"{""detail"":""Too many requests""}",,bbox_25km_lonlat,Kirklees EfW,kirklees_efw,control,53.59280444,-1.840956726
https://api.openaq.org/v3/locations?bbox=-1.99231%2C53.50297%2C-1.68960%2C53.68264&limit=100&iso=GB,False,429,HTTPError,"{""detail"":""Too many requests""}",,bbox_10km_lonlat,Kirklees EfW,kirklees_efw,control,53.59280444,-1.840956726
https://api.openaq.org/v3/locations?coordinates=51.51000%2C-0.54000&radius=25000&limit=100&iso=GB,False,429,HTTPError,"{""detail"":""Too many requests""}",,coordinates_lat_lon_radius_capped,Lakeside EfW,lakeside_efw,facility,51.51,-0.54
https://api.openaq.org/v3/locations?coordinates=51.51000%2C-0.54000&radius=10000&limit=100&iso=GB,False,429,HTTPError,"{""detail"":""Too many requests""}",,coordinates_lat_lon_radius_10000,Lakeside EfW,lakeside_efw,facility,51.51,-0.54
https://api.openaq.org/v3/locations?coordinates=-0.54000%2C51.51000&radius=10000&limit=25&iso=GB,False,429,HTTPError,"{""detail"":""Too many requests""}",,diagnostic_coordinates_lon_lat,Lakeside EfW,lakeside_efw,facility,51.51,-0.54
https://api.openaq.org/v3/locations?bbox=-0.90084%2C51.28542%2C-0.17916%2C51.73458&limit=100&iso=GB,False,429,HTTPError,"{""detail"":""Too many requests""}",,bbox_25km_lonlat,Lakeside EfW,lakeside_efw,facility,51.51,-0.54
https://api.openaq.org/v3/locations?bbox=-0.68434%2C51.42017%2C-0.39566%2C51.59983&limit=100&iso=GB,False,429,HTTPError,"{""detail"":""Too many requests""}",,bbox_10km_lonlat,Lakeside EfW,lakeside_efw,facility,51.51,-0.54
https://api.openaq.org/v3/locations?coordinates=51.45706%2C-0.59324&radius=25000&limit=100&iso=GB,False,429,HTTPError,"{""detail"":""Too many requests""}",,coordinates_lat_lon_radius_capped,Lakeside EfW,lakeside_efw,control,51.45706067755228,-0.593239815
https://api.openaq.org/v3/locations?coordinates=51.45706%2C-0.59324&radius=10000&limit=100&iso=GB,False,429,HTTPError,"{""detail"":""Too many requests""}",,coordinates_lat_lon_radius_10000,Lakeside EfW,lakeside_efw,control,51.45706067755228,-0.593239815
https://api.openaq.org/v3/locations?coordinates=-0.59324%2C51.45706&radius=10000&limit=25&iso=GB,False,429,HTTPError,"{""detail"":""Too many requests""}",,diagnostic_coordinates_lon_lat,Lakeside EfW,lakeside_efw,control,51.45706067755228,-0.593239815
https://api.openaq.org/v3/locations?bbox=-0.95366%2C51.23248%2C-0.23282%2C51.68164&limit=100&iso=GB,False,429,HTTPError,"{""detail"":""Too many requests""}",,bbox_25km_lonlat,Lakeside EfW,lakeside_efw,control,51.45706067755228,-0.593239815
https://api.openaq.org/v3/locations?bbox=-0.73741%2C51.36723%2C-0.44907%2C51.54689&limit=100&iso=GB,False,429,HTTPError,"{""detail"":""Too many requests""}",,bbox_10km_lonlat,Lakeside EfW,lakeside_efw,control,51.45706067755228,-0.593239815
https://api.openaq.org/v3/locations?coordinates=53.23000%2C-0.54000&radius=25000&limit=100&iso=GB,False,429,HTTPError,"{""detail"":""Too many requests""}",,coordinates_lat_lon_radius_capped,Lincoln ERF,lincoln_erf,facility,53.23,-0.54
https://api.openaq.org/v3/locations?coordinates=53.23000%2C-0.54000&radius=10000&limit=100&iso=GB,False,429,HTTPError,"{""detail"":""Too many requests""}",,coordinates_lat_lon_radius_10000,Lincoln ERF,lincoln_erf,facility,53.23,-0.54
https://api.openaq.org/v3/locations?coordinates=-0.54000%2C53.23000&radius=10000&limit=25&iso=GB,False,429,HTTPError,"{""detail"":""Too many requests""}",,diagnostic_coordinates_lon_lat,Lincoln ERF,lincoln_erf,facility,53.23,-0.54
https://api.openaq.org/v3/locations?bbox=-0.91517%2C53.00542%2C-0.16483%2C53.45458&limit=100&iso=GB,False,429,HTTPError,"{""detail"":""Too many requests""}",,bbox_25km_lonlat,Lincoln ERF,lincoln_erf,facility,53.23,-0.54
https://api.openaq.org/v3/locations?bbox=-0.69007%2C53.14017%2C-0.38993%2C53.31983&limit=100&iso=GB,False,429,HTTPError,"{""detail"":""Too many requests""}",,bbox_10km_lonlat,Lincoln ERF,lincoln_erf,facility,53.23,-0.54
https://api.openaq.org/v3/locations?coordinates=53.18915%2C-0.58706&radius=25000&limit=100&iso=GB,False,429,HTTPError,"{""detail"":""Too many requests""}",,coordinates_lat_lon_radius_capped,Lincoln ERF,lincoln_erf,control,53.189145280586594,-0.587061432
https://api.openaq.org/v3/locations?coordinates=53.18915%2C-0.58706&radius=10000&limit=100&iso=GB,False,429,HTTPError,"{""detail"":""Too many requests""}",,coordinates_lat_lon_radius_10000,Lincoln ERF,lincoln_erf,control,53.189145280586594,-0.587061432
https://api.openaq.org/v3/locations?coordinates=-0.58706%2C53.18915&radius=10000&limit=25&iso=GB,False,429,HTTPError,"{""detail"":""Too many requests""}",,diagnostic_coordinates_lon_lat,Lincoln ERF,lincoln_erf,control,53.189145280586594,-0.587061432
https://api.openaq.org/v3/locations?bbox=-0.96187%2C52.96457%2C-0.21225%2C53.41372&limit=100&iso=GB,False,429,HTTPError,"{""detail"":""Too many requests""}",,bbox_25km_lonlat,Lincoln ERF,lincoln_erf,control,53.189145280586594,-0.587061432
https://api.openaq.org/v3/locations?bbox=-0.73699%2C53.09931%2C-0.43714%2C53.27898&limit=100&iso=GB,False,429,HTTPError,"{""detail"":""Too many requests""}",,bbox_10km_lonlat,Lincoln ERF,lincoln_erf,control,53.189145280586594,-0.587061432
https://api.openaq.org/v3/locations?coordinates=50.88000%2C-1.42000&radius=25000&limit=100&iso=GB,False,429,HTTPError,"{""detail"":""Too many requests""}",,coordinates_lat_lon_radius_capped,Marchwood ERF,marchwood_erf,facility,50.88,-1.42
https://api.openaq.org/v3/locations?coordinates=50.88000%2C-1.42000&radius=10000&limit=100&iso=GB,False,429,HTTPError,"{""detail"":""Too many requests""}",,coordinates_lat_lon_radius_10000,Marchwood ERF,marchwood_erf,facility,50.88,-1.42
https://api.openaq.org/v3/locations?coordinates=-1.42000%2C50.88000&radius=10000&limit=25&iso=GB,False,429,HTTPError,"{""detail"":""Too many requests""}",,diagnostic_coordinates_lon_lat,Marchwood ERF,marchwood_erf,facility,50.88,-1.42
https://api.openaq.org/v3/locations?bbox=-1.77594%2C50.65542%2C-1.06406%2C51.10458&limit=100&iso=GB,False,429,HTTPError,"{""detail"":""Too many requests""}",,bbox_25km_lonlat,Marchwood ERF,marchwood_erf,facility,50.88,-1.42
https://api.openaq.org/v3/locations?bbox=-1.56238%2C50.79017%2C-1.27762%2C50.96983&limit=100&iso=GB,False,429,HTTPError,"{""detail"":""Too many requests""}",,bbox_10km_lonlat,Marchwood ERF,marchwood_erf,facility,50.88,-1.42
https://api.openaq.org/v3/locations?coordinates=50.82468%2C-1.47636&radius=25000&limit=100&iso=GB,False,429,HTTPError,"{""detail"":""Too many requests""}",,coordinates_lat_lon_radius_capped,Marchwood ERF,marchwood_erf,control,50.82468261920184,-1.476364095
https://api.openaq.org/v3/locations?coordinates=50.82468%2C-1.47636&radius=10000&limit=100&iso=GB,False,429,HTTPError,"{""detail"":""Too many requests""}",,coordinates_lat_lon_radius_10000,Marchwood ERF,marchwood_erf,control,50.82468261920184,-1.476364095
https://api.openaq.org/v3/locations?coordinates=-1.47636%2C50.82468&radius=10000&limit=25&iso=GB,False,429,HTTPError,"{""detail"":""Too many requests""}",,diagnostic_coordinates_lon_lat,Marchwood ERF,marchwood_erf,control,50.82468261920184,-1.476364095
https://api.openaq.org/v3/locations?bbox=-1.83188%2C50.60010%2C-1.12085%2C51.04926&limit=100&iso=GB,False,429,HTTPError,"{""detail"":""Too many requests""}",,bbox_25km_lonlat,Marchwood ERF,marchwood_erf,control,50.82468261920184,-1.476364095
https://api.openaq.org/v3/locations?bbox=-1.61857%2C50.73485%2C-1.33416%2C50.91451&limit=100&iso=GB,False,429,HTTPError,"{""detail"":""Too many requests""}",,bbox_10km_lonlat,Marchwood ERF,marchwood_erf,control,50.82468261920184,-1.476364095
https://api.openaq.org/v3/locations?coordinates=52.04000%2C-0.75000&radius=25000&limit=100&iso=GB,False,429,HTTPError,"{""detail"":""Too many requests""}",,coordinates_lat_lon_radius_capped,Milton Keynes WRP,milton_keynes_wrp,facility,52.04,-0.75
https://api.openaq.org/v3/locations?coordinates=52.04000%2C-0.75000&radius=10000&limit=100&iso=GB,False,429,HTTPError,"{""detail"":""Too many requests""}",,coordinates_lat_lon_radius_10000,Milton Keynes WRP,milton_keynes_wrp,facility,52.04,-0.75
https://api.openaq.org/v3/locations?coordinates=-0.75000%2C52.04000&radius=10000&limit=25&iso=GB,False,429,HTTPError,"{""detail"":""Too many requests""}",,diagnostic_coordinates_lon_lat,Milton Keynes WRP,milton_keynes_wrp,facility,52.04,-0.75
https://api.openaq.org/v3/locations?bbox=-1.11510%2C51.81542%2C-0.38490%2C52.26458&limit=100&iso=GB,False,429,HTTPError,"{""detail"":""Too many requests""}",,bbox_25km_lonlat,Milton Keynes WRP,milton_keynes_wrp,facility,52.04,-0.75
https://api.openaq.org/v3/locations?bbox=-0.89604%2C51.95017%2C-0.60396%2C52.12983&limit=100&iso=GB,False,429,HTTPError,"{""detail"":""Too many requests""}",,bbox_10km_lonlat,Milton Keynes WRP,milton_keynes_wrp,facility,52.04,-0.75
https://api.openaq.org/v3/locations?coordinates=51.99400%2C-0.80235&radius=25000&limit=100&iso=GB,False,429,HTTPError,"{""detail"":""Too many requests""}",,coordinates_lat_lon_radius_capped,Milton Keynes WRP,milton_keynes_wrp,control,51.99400431876248,-0.802347029
https://api.openaq.org/v3/locations?coordinates=51.99400%2C-0.80235&radius=10000&limit=100&iso=GB,False,429,HTTPError,"{""detail"":""Too many requests""}",,coordinates_lat_lon_radius_10000,Milton Keynes WRP,milton_keynes_wrp,control,51.99400431876248,-0.802347029
https://api.openaq.org/v3/locations?coordinates=-0.80235%2C51.99400&radius=10000&limit=25&iso=GB,False,429,HTTPError,"{""detail"":""Too many requests""}",,diagnostic_coordinates_lon_lat,Milton Keynes WRP,milton_keynes_wrp,control,51.99400431876248,-0.802347029
https://api.openaq.org/v3/locations?bbox=-1.16707%2C51.76943%2C-0.43762%2C52.21858&limit=100&iso=GB,False,429,HTTPError,"{""detail"":""Too many requests""}",,bbox_25km_lonlat,Milton Keynes WRP,milton_keynes_wrp,control,51.99400431876248,-0.802347029
https://api.openaq.org/v3/locations?bbox=-0.94824%2C51.90417%2C-0.65646%2C52.08384&limit=100&iso=GB,False,429,HTTPError,"{""detail"":""Too many requests""}",,bbox_10km_lonlat,Milton Keynes WRP,milton_keynes_wrp,control,51.99400431876248,-0.802347029
https://api.openaq.org/v3/locations?coordinates=53.55000%2C-0.07000&radius=25000&limit=100&iso=GB,False,429,HTTPError,"{""detail"":""Too many requests""}",,coordinates_lat_lon_radius_capped,Newlincs EfW,newlincs_efw,facility,53.55,-0.07
https://api.openaq.org/v3/locations?coordinates=53.55000%2C-0.07000&radius=10000&limit=100&iso=GB,False,429,HTTPError,"{""detail"":""Too many requests""}",,coordinates_lat_lon_radius_10000,Newlincs EfW,newlincs_efw,facility,53.55,-0.07
https://api.openaq.org/v3/locations?coordinates=-0.07000%2C53.55000&radius=10000&limit=25&iso=GB,False,429,HTTPError,"{""detail"":""Too many requests""}",,diagnostic_coordinates_lon_lat,Newlincs EfW,newlincs_efw,facility,53.55,-0.07
https://api.openaq.org/v3/locations?bbox=-0.44800%2C53.32542%2C0.30800%2C53.77458&limit=100&iso=GB,False,429,HTTPError,"{""detail"":""Too many requests""}",,bbox_25km_lonlat,Newlincs EfW,newlincs_efw,facility,53.55,-0.07
https://api.openaq.org/v3/locations?bbox=-0.22120%2C53.46017%2C0.08120%2C53.63983&limit=100&iso=GB,False,429,HTTPError,"{""detail"":""Too many requests""}",,bbox_10km_lonlat,Newlincs EfW,newlincs_efw,facility,53.55,-0.07
https://api.openaq.org/v3/locations?coordinates=53.50990%2C-0.11049&radius=25000&limit=100&iso=GB,False,429,HTTPError,"{""detail"":""Too many requests""}",,coordinates_lat_lon_radius_capped,Newlincs EfW,newlincs_efw,control,53.509896570815,-0.110490383
https://api.openaq.org/v3/locations?coordinates=53.50990%2C-0.11049&radius=10000&limit=100&iso=GB,False,429,HTTPError,"{""detail"":""Too many requests""}",,coordinates_lat_lon_radius_10000,Newlincs EfW,newlincs_efw,control,53.509896570815,-0.110490383
https://api.openaq.org/v3/locations?coordinates=-0.11049%2C53.50990&radius=10000&limit=25&iso=GB,False,429,HTTPError,"{""detail"":""Too many requests""}",,diagnostic_coordinates_lon_lat,Newlincs EfW,newlincs_efw,control,53.509896570815,-0.110490383
https://api.openaq.org/v3/locations?bbox=-0.48813%2C53.28532%2C0.26715%2C53.73447&limit=100&iso=GB,False,429,HTTPError,"{""detail"":""Too many requests""}",,bbox_25km_lonlat,Newlincs EfW,newlincs_efw,control,53.509896570815,-0.110490383
https://api.openaq.org/v3/locations?bbox=-0.26155%2C53.42007%2C0.04057%2C53.59973&limit=100&iso=GB,False,429,HTTPError,"{""detail"":""Too many requests""}",,bbox_10km_lonlat,Newlincs EfW,newlincs_efw,control,53.509896570815,-0.110490383
https://api.openaq.org/v3/locations?coordinates=53.18000%2C-0.67000&radius=25000&limit=100&iso=GB,False,429,HTTPError,"{""detail"":""Too many requests""}",,coordinates_lat_lon_radius_capped,North Hykeham Incinerator,north_hykeham_incinerator,facility,53.18,-0.67
https://api.openaq.org/v3/locations?coordinates=53.18000%2C-0.67000&radius=10000&limit=100&iso=GB,False,429,HTTPError,"{""detail"":""Too many requests""}",,coordinates_lat_lon_radius_10000,North Hykeham Incinerator,north_hykeham_incinerator,facility,53.18,-0.67
https://api.openaq.org/v3/locations?coordinates=-0.67000%2C53.18000&radius=10000&limit=25&iso=GB,False,429,HTTPError,"{""detail"":""Too many requests""}",,diagnostic_coordinates_lon_lat,North Hykeham Incinerator,north_hykeham_incinerator,facility,53.18,-0.67
https://api.openaq.org/v3/locations?bbox=-1.04473%2C52.95542%2C-0.29527%2C53.40458&limit=100&iso=GB,False,429,HTTPError,"{""detail"":""Too many requests""}",,bbox_25km_lonlat,North Hykeham Incinerator,north_hykeham_incinerator,facility,53.18,-0.67
https://api.openaq.org/v3/locations?bbox=-0.81989%2C53.09017%2C-0.52011%2C53.26983&limit=100&iso=GB,False,429,HTTPError,"{""detail"":""Too many requests""}",,bbox_10km_lonlat,North Hykeham Incinerator,north_hykeham_incinerator,facility,53.18,-0.67
https://api.openaq.org/v3/locations?coordinates=53.13759%2C-0.71004&radius=25000&limit=100&iso=GB,False,429,HTTPError,"{""detail"":""Too many requests""}",,coordinates_lat_lon_radius_capped,North Hykeham Incinerator,north_hykeham_incinerator,control,53.13758581631578,-0.710038017
https://api.openaq.org/v3/locations?coordinates=53.13759%2C-0.71004&radius=10000&limit=100&iso=GB,False,429,HTTPError,"{""detail"":""Too many requests""}",,coordinates_lat_lon_radius_10000,North Hykeham Incinerator,north_hykeham_incinerator,control,53.13758581631578,-0.710038017
https://api.openaq.org/v3/locations?coordinates=-0.71004%2C53.13759&radius=10000&limit=25&iso=GB,False,429,HTTPError,"{""detail"":""Too many requests""}",,diagnostic_coordinates_lon_lat,North Hykeham Incinerator,north_hykeham_incinerator,control,53.13758581631578,-0.710038017
https://api.openaq.org/v3/locations?bbox=-1.08440%2C52.91301%2C-0.33568%2C53.36216&limit=100&iso=GB,False,429,HTTPError,"{""detail"":""Too many requests""}",,bbox_25km_lonlat,North Hykeham Incinerator,north_hykeham_incinerator,control,53.13758581631578,-0.710038017
https://api.openaq.org/v3/locations?bbox=-0.85978%2C53.04775%2C-0.56029%2C53.22742&limit=100&iso=GB,False,429,HTTPError,"{""detail"":""Too many requests""}",,bbox_10km_lonlat,North Hykeham Incinerator,north_hykeham_incinerator,control,53.13758581631578,-0.710038017
https://api.openaq.org/v3/locations?coordinates=52.59000%2C-0.24000&radius=25000&limit=100&iso=GB,False,429,HTTPError,"{""detail"":""Too many requests""}",,coordinates_lat_lon_radius_capped,Peterborough ERF,peterborough_erf,facility,52.59,-0.24
https://api.openaq.org/v3/locations?coordinates=52.59000%2C-0.24000&radius=10000&limit=100&iso=GB,False,429,HTTPError,"{""detail"":""Too many requests""}",,coordinates_lat_lon_radius_10000,Peterborough ERF,peterborough_erf,facility,52.59,-0.24
https://api.openaq.org/v3/locations?coordinates=-0.24000%2C52.59000&radius=10000&limit=25&iso=GB,False,429,HTTPError,"{""detail"":""Too many requests""}",,diagnostic_coordinates_lon_lat,Peterborough ERF,peterborough_erf,facility,52.59,-0.24
https://api.openaq.org/v3/locations?bbox=-0.60967%2C52.36542%2C0.12967%2C52.81458&limit=100&iso=GB,False,429,HTTPError,"{""detail"":""Too many requests""}",,bbox_25km_lonlat,Peterborough ERF,peterborough_erf,facility,52.59,-0.24
https://api.openaq.org/v3/locations?bbox=-0.38787%2C52.50017%2C-0.09213%2C52.67983&limit=100&iso=GB,False,429,HTTPError,"{""detail"":""Too many requests""}",,bbox_10km_lonlat,Peterborough ERF,peterborough_erf,facility,52.59,-0.24
https://api.openaq.org/v3/locations?coordinates=52.53404%2C-0.29557&radius=25000&limit=100&iso=GB,False,429,HTTPError,"{""detail"":""Too many requests""}",,coordinates_lat_lon_radius_capped,Peterborough ERF,peterborough_erf,control,52.53404152523351,-0.295573435
https://api.openaq.org/v3/locations?coordinates=52.53404%2C-0.29557&radius=10000&limit=100&iso=GB,False,429,HTTPError,"{""detail"":""Too many requests""}",,coordinates_lat_lon_radius_10000,Peterborough ERF,peterborough_erf,control,52.53404152523351,-0.295573435
https://api.openaq.org/v3/locations?coordinates=-0.29557%2C52.53404&radius=10000&limit=25&iso=GB,False,429,HTTPError,"{""detail"":""Too many requests""}",,diagnostic_coordinates_lon_lat,Peterborough ERF,peterborough_erf,control,52.53404152523351,-0.295573435
https://api.openaq.org/v3/locations?bbox=-0.66477%2C52.30946%2C0.07362%2C52.75862&limit=100&iso=GB,False,429,HTTPError,"{""detail"":""Too many requests""}",,bbox_25km_lonlat,Peterborough ERF,peterborough_erf,control,52.53404152523351,-0.295573435
https://api.openaq.org/v3/locations?bbox=-0.44325%2C52.44421%2C-0.14790%2C52.62387&limit=100&iso=GB,False,429,HTTPError,"{""detail"":""Too many requests""}",,bbox_10km_lonlat,Peterborough ERF,peterborough_erf,control,52.53404152523351,-0.295573435
https://api.openaq.org/v3/locations?coordinates=50.80000%2C-1.06000&radius=25000&limit=100&iso=GB,False,429,HTTPError,"{""detail"":""Too many requests""}",,coordinates_lat_lon_radius_capped,Portsmouth ERF,portsmouth_erf,facility,50.8,-1.06
https://api.openaq.org/v3/locations?coordinates=50.80000%2C-1.06000&radius=10000&limit=100&iso=GB,False,429,HTTPError,"{""detail"":""Too many requests""}",,coordinates_lat_lon_radius_10000,Portsmouth ERF,portsmouth_erf,facility,50.8,-1.06
https://api.openaq.org/v3/locations?coordinates=-1.06000%2C50.80000&radius=10000&limit=25&iso=GB,False,429,HTTPError,"{""detail"":""Too many requests""}",,diagnostic_coordinates_lon_lat,Portsmouth ERF,portsmouth_erf,facility,50.8,-1.06
https://api.openaq.org/v3/locations?bbox=-1.41533%2C50.57542%2C-0.70467%2C51.02458&limit=100&iso=GB,False,429,HTTPError,"{""detail"":""Too many requests""}",,bbox_25km_lonlat,Portsmouth ERF,portsmouth_erf,facility,50.8,-1.06
https://api.openaq.org/v3/locations?bbox=-1.20213%2C50.71017%2C-0.91787%2C50.88983&limit=100&iso=GB,False,429,HTTPError,"{""detail"":""Too many requests""}",,bbox_10km_lonlat,Portsmouth ERF,portsmouth_erf,facility,50.8,-1.06
https://api.openaq.org/v3/locations?coordinates=50.75995%2C-1.11557&radius=25000&limit=100&iso=GB,False,429,HTTPError,"{""detail"":""Too many requests""}",,coordinates_lat_lon_radius_capped,Portsmouth ERF,portsmouth_erf,control,50.75995290109277,-1.115574836
https://api.openaq.org/v3/locations?coordinates=50.75995%2C-1.11557&radius=10000&limit=100&iso=GB,False,429,HTTPError,"{""detail"":""Too many requests""}",,coordinates_lat_lon_radius_10000,Portsmouth ERF,portsmouth_erf,control,50.75995290109277,-1.115574836
https://api.openaq.org/v3/locations?coordinates=-1.11557%2C50.75995&radius=10000&limit=25&iso=GB,False,429,HTTPError,"{""detail"":""Too many requests""}",,diagnostic_coordinates_lon_lat,Portsmouth ERF,portsmouth_erf,control,50.75995290109277,-1.115574836
https://api.openaq.org/v3/locations?bbox=-1.47060%2C50.53538%2C-0.76055%2C50.98453&limit=100&iso=GB,False,429,HTTPError,"{""detail"":""Too many requests""}",,bbox_25km_lonlat,Portsmouth ERF,portsmouth_erf,control,50.75995290109277,-1.115574836
https://api.openaq.org/v3/locations?bbox=-1.25758%2C50.67012%2C-0.97357%2C50.84978&limit=100&iso=GB,False,429,HTTPError,"{""detail"":""Too many requests""}",,bbox_10km_lonlat,Portsmouth ERF,portsmouth_erf,control,50.75995290109277,-1.115574836
https://api.openaq.org/v3/locations?coordinates=53.50000%2C-2.12000&radius=25000&limit=100&iso=GB,False,429,HTTPError,"{""detail"":""Too many requests""}",,coordinates_lat_lon_radius_capped,Red Moss Landfill,red_moss_landfill,facility,53.5,-2.12
https://api.openaq.org/v3/locations?coordinates=53.50000%2C-2.12000&radius=10000&limit=100&iso=GB,False,429,HTTPError,"{""detail"":""Too many requests""}",,coordinates_lat_lon_radius_10000,Red Moss Landfill,red_moss_landfill,facility,53.5,-2.12
https://api.openaq.org/v3/locations?coordinates=-2.12000%2C53.50000&radius=10000&limit=25&iso=GB,False,429,HTTPError,"{""detail"":""Too many requests""}",,diagnostic_coordinates_lon_lat,Red Moss Landfill,red_moss_landfill,facility,53.5,-2.12
https://api.openaq.org/v3/locations?bbox=-2.49755%2C53.27542%2C-1.74245%2C53.72458&limit=100&iso=GB,False,429,HTTPError,"{""detail"":""Too many requests""}",,bbox_25km_lonlat,Red Moss Landfill,red_moss_landfill,facility,53.5,-2.12
https://api.openaq.org/v3/locations?bbox=-2.27102%2C53.41017%2C-1.96898%2C53.58983&limit=100&iso=GB,False,429,HTTPError,"{""detail"":""Too many requests""}",,bbox_10km_lonlat,Red Moss Landfill,red_moss_landfill,facility,53.5,-2.12
https://api.openaq.org/v3/locations?coordinates=53.44548%2C-2.17573&radius=25000&limit=100&iso=GB,False,429,HTTPError,"{""detail"":""Too many requests""}",,coordinates_lat_lon_radius_capped,Red Moss Landfill,red_moss_landfill,control,53.4454823762909,-2.175727388
https://api.openaq.org/v3/locations?coordinates=53.44548%2C-2.17573&radius=10000&limit=100&iso=GB,False,429,HTTPError,"{""detail"":""Too many requests""}",,coordinates_lat_lon_radius_10000,Red Moss Landfill,red_moss_landfill,control,53.4454823762909,-2.175727388
https://api.openaq.org/v3/locations?coordinates=-2.17573%2C53.44548&radius=10000&limit=25&iso=GB,False,429,HTTPError,"{""detail"":""Too many requests""}",,diagnostic_coordinates_lon_lat,Red Moss Landfill,red_moss_landfill,control,53.4454823762909,-2.175727388
https://api.openaq.org/v3/locations?bbox=-2.55280%2C53.22090%2C-1.79866%2C53.67006&limit=100&iso=GB,False,429,HTTPError,"{""detail"":""Too many requests""}",,bbox_25km_lonlat,Red Moss Landfill,red_moss_landfill,control,53.4454823762909,-2.175727388
https://api.openaq.org/v3/locations?bbox=-2.32656%2C53.35565%2C-2.02490%2C53.53531&limit=100&iso=GB,False,429,HTTPError,"{""detail"":""Too many requests""}",,bbox_10km_lonlat,Red Moss Landfill,red_moss_landfill,control,53.4454823762909,-2.175727388
https://api.openaq.org/v3/locations?coordinates=51.48000%2C0.18000&radius=25000&limit=100&iso=GB,False,429,HTTPError,"{""detail"":""Too many requests""}",,coordinates_lat_lon_radius_capped,Riverside RR ERF,riverside_rr_erf,facility,51.48,0.18
https://api.openaq.org/v3/locations?coordinates=51.48000%2C0.18000&radius=10000&limit=100&iso=GB,False,429,HTTPError,"{""detail"":""Too many requests""}",,coordinates_lat_lon_radius_10000,Riverside RR ERF,riverside_rr_erf,facility,51.48,0.18
https://api.openaq.org/v3/locations?coordinates=0.18000%2C51.48000&radius=10000&limit=25&iso=GB,False,429,HTTPError,"{""detail"":""Too many requests""}",,diagnostic_coordinates_lon_lat,Riverside RR ERF,riverside_rr_erf,facility,51.48,0.18
https://api.openaq.org/v3/locations?bbox=-0.18060%2C51.25542%2C0.54060%2C51.70458&limit=100&iso=GB,False,429,HTTPError,"{""detail"":""Too many requests""}",,bbox_25km_lonlat,Riverside RR ERF,riverside_rr_erf,facility,51.48,0.18
https://api.openaq.org/v3/locations?bbox=0.03576%2C51.39017%2C0.32424%2C51.56983&limit=100&iso=GB,True,200,,,31,bbox_10km_lonlat,Riverside RR ERF,riverside_rr_erf,facility,51.48,0.18
https://api.openaq.org/v3/locations?coordinates=51.42509%2C0.12202&radius=25000&limit=100&iso=GB,True,200,,,100,coordinates_lat_lon_radius_capped,Riverside RR ERF,riverside_rr_erf,control,51.42509015871602,0.1220170593486809
https://api.openaq.org/v3/locations?coordinates=51.42509%2C0.12202&radius=10000&limit=100&iso=GB,True,200,,,19,coordinates_lat_lon_radius_10000,Riverside RR ERF,riverside_rr_erf,control,51.42509015871602,0.1220170593486809
https://api.openaq.org/v3/locations?coordinates=0.12202%2C51.42509&radius=10000&limit=25&iso=GB,True,200,,,0,diagnostic_coordinates_lon_lat,Riverside RR ERF,riverside_rr_erf,control,51.42509015871602,0.1220170593486809
https://api.openaq.org/v3/locations?bbox=-0.23815%2C51.20051%2C0.48218%2C51.64967&limit=100&iso=GB,True,200,,,100,bbox_25km_lonlat,Riverside RR ERF,riverside_rr_erf,control,51.42509015871602,0.1220170593486809
https://api.openaq.org/v3/locations?bbox=-0.02205%2C51.33526%2C0.26608%2C51.51492&limit=100&iso=GB,True,200,,,35,bbox_10km_lonlat,Riverside RR ERF,riverside_rr_erf,control,51.42509015871602,0.1220170593486809
https://api.openaq.org/v3/locations?coordinates=53.35000%2C-2.72000&radius=25000&limit=100&iso=GB,True,200,,,10,coordinates_lat_lon_radius_capped,Runcorn EfW,runcorn_efw,facility,53.35,-2.72
https://api.openaq.org/v3/locations?coordinates=53.35000%2C-2.72000&radius=10000&limit=100&iso=GB,True,200,,,3,coordinates_lat_lon_radius_10000,Runcorn EfW,runcorn_efw,facility,53.35,-2.72
https://api.openaq.org/v3/locations?coordinates=-2.72000%2C53.35000&radius=10000&limit=25&iso=GB,True,200,,,0,diagnostic_coordinates_lon_lat,Runcorn EfW,runcorn_efw,facility,53.35,-2.72
https://api.openaq.org/v3/locations?bbox=-3.09622%2C53.12542%2C-2.34378%2C53.57458&limit=100&iso=GB,True,200,,,10,bbox_25km_lonlat,Runcorn EfW,runcorn_efw,facility,53.35,-2.72
https://api.openaq.org/v3/locations?bbox=-2.87049%2C53.26017%2C-2.56951%2C53.43983&limit=100&iso=GB,True,200,,,3,bbox_10km_lonlat,Runcorn EfW,runcorn_efw,facility,53.35,-2.72
https://api.openaq.org/v3/locations?coordinates=53.30619%2C-2.77442&radius=25000&limit=100&iso=GB,True,200,,,8,coordinates_lat_lon_radius_capped,Runcorn EfW,runcorn_efw,control,53.30619160993018,-2.774417535
https://api.openaq.org/v3/locations?coordinates=53.30619%2C-2.77442&radius=10000&limit=100&iso=GB,True,200,,,2,coordinates_lat_lon_radius_10000,Runcorn EfW,runcorn_efw,control,53.30619160993018,-2.774417535
https://api.openaq.org/v3/locations?coordinates=-2.77442%2C53.30619&radius=10000&limit=25&iso=GB,True,200,,,0,diagnostic_coordinates_lon_lat,Runcorn EfW,runcorn_efw,control,53.30619160993018,-2.774417535
https://api.openaq.org/v3/locations?bbox=-3.15026%2C53.08161%2C-2.39858%2C53.53077&limit=100&iso=GB,True,200,,,10,bbox_25km_lonlat,Runcorn EfW,runcorn_efw,control,53.30619160993018,-2.774417535
https://api.openaq.org/v3/locations?bbox=-2.92475%2C53.21636%2C-2.62408%2C53.39602&limit=100&iso=GB,True,200,,,2,bbox_10km_lonlat,Runcorn EfW,runcorn_efw,control,53.30619160993018,-2.774417535
https://api.openaq.org/v3/locations?coordinates=52.71000%2C-2.75000&radius=25000&limit=100&iso=GB,True,200,,,3,coordinates_lat_lon_radius_capped,Shrewsbury Incinerator,shrewsbury_incinerator,facility,52.71,-2.75
https://api.openaq.org/v3/locations?coordinates=52.71000%2C-2.75000&radius=10000&limit=100&iso=GB,True,200,,,1,coordinates_lat_lon_radius_10000,Shrewsbury Incinerator,shrewsbury_incinerator,facility,52.71,-2.75
https://api.openaq.org/v3/locations?coordinates=-2.75000%2C52.71000&radius=10000&limit=25&iso=GB,True,200,,,0,diagnostic_coordinates_lon_lat,Shrewsbury Incinerator,shrewsbury_incinerator,facility,52.71,-2.75
https://api.openaq.org/v3/locations?bbox=-3.12068%2C52.48542%2C-2.37932%2C52.93458&limit=100&iso=GB,True,200,,,5,bbox_25km_lonlat,Shrewsbury Incinerator,shrewsbury_incinerator,facility,52.71,-2.75
https://api.openaq.org/v3/locations?bbox=-2.89827%2C52.62017%2C-2.60173%2C52.79983&limit=100&iso=GB,True,200,,,1,bbox_10km_lonlat,Shrewsbury Incinerator,shrewsbury_incinerator,facility,52.71,-2.75
https://api.openaq.org/v3/locations?coordinates=52.66265%2C-2.80061&radius=25000&limit=100&iso=GB,True,200,,,4,coordinates_lat_lon_radius_capped,Shrewsbury Incinerator,shrewsbury_incinerator,control,52.66264719947775,-2.800606348
https://api.openaq.org/v3/locations?coordinates=52.66265%2C-2.80061&radius=10000&limit=100&iso=GB,True,200,,,1,coordinates_lat_lon_radius_10000,Shrewsbury Incinerator,shrewsbury_incinerator,control,52.66264719947775,-2.800606348
https://api.openaq.org/v3/locations?coordinates=-2.80061%2C52.66265&radius=10000&limit=25&iso=GB,True,200,,,0,diagnostic_coordinates_lon_lat,Shrewsbury Incinerator,shrewsbury_incinerator,control,52.66264719947775,-2.800606348
https://api.openaq.org/v3/locations?bbox=-3.17089%2C52.43807%2C-2.43033%2C52.88722&limit=100&iso=GB,True,200,,,4,bbox_25km_lonlat,Shrewsbury Incinerator,shrewsbury_incinerator,control,52.66264719947775,-2.800606348
https://api.openaq.org/v3/locations?bbox=-2.94872%2C52.57282%2C-2.65249%2C52.75248&limit=100&iso=GB,True,200,,,1,bbox_10km_lonlat,Shrewsbury Incinerator,shrewsbury_incinerator,control,52.66264719947775,-2.800606348
https://api.openaq.org/v3/locations?coordinates=53.00000%2C-2.18000&radius=25000&limit=100&iso=GB,True,200,,,4,coordinates_lat_lon_radius_capped,Stoke EfW,stoke_efw,facility,53.0,-2.18
https://api.openaq.org/v3/locations?coordinates=53.00000%2C-2.18000&radius=10000&limit=100&iso=GB,True,200,,,2,coordinates_lat_lon_radius_10000,Stoke EfW,stoke_efw,facility,53.0,-2.18
https://api.openaq.org/v3/locations?coordinates=-2.18000%2C53.00000&radius=10000&limit=25&iso=GB,True,200,,,0,diagnostic_coordinates_lon_lat,Stoke EfW,stoke_efw,facility,53.0,-2.18
https://api.openaq.org/v3/locations?bbox=-2.55317%2C52.77542%2C-1.80683%2C53.22458&limit=100&iso=GB,True,200,,,4,bbox_25km_lonlat,Stoke EfW,stoke_efw,facility,53.0,-2.18
https://api.openaq.org/v3/locations?bbox=-2.32927%2C52.91017%2C-2.03073%2C53.08983&limit=100&iso=GB,True,200,,,2,bbox_10km_lonlat,Stoke EfW,stoke_efw,facility,53.0,-2.18
https://api.openaq.org/v3/locations?coordinates=52.94117%2C-2.23796&radius=25000&limit=100&iso=GB,True,200,,,4,coordinates_lat_lon_radius_capped,Stoke EfW,stoke_efw,control,52.94116578444151,-2.237964046
https://api.openaq.org/v3/locations?coordinates=52.94117%2C-2.23796&radius=10000&limit=100&iso=GB,True,200,,,1,coordinates_lat_lon_radius_10000,Stoke EfW,stoke_efw,control,52.94116578444151,-2.237964046
https://api.openaq.org/v3/locations?coordinates=-2.23796%2C52.94117&radius=10000&limit=25&iso=GB,True,200,,,0,diagnostic_coordinates_lon_lat,Stoke EfW,stoke_efw,control,52.94116578444151,-2.237964046
https://api.openaq.org/v3/locations?bbox=-2.61062%2C52.71659%2C-1.86530%2C53.16574&limit=100&iso=GB,True,200,,,4,bbox_25km_lonlat,Stoke EfW,stoke_efw,control,52.94116578444151,-2.237964046
https://api.openaq.org/v3/locations?bbox=-2.38703%2C52.85133%2C-2.08890%2C53.03100&limit=100&iso=GB,True,200,,,2,bbox_10km_lonlat,Stoke EfW,stoke_efw,control,52.94116578444151,-2.237964046
https://api.openaq.org/v3/locations?coordinates=54.60000%2C-1.26000&radius=25000&limit=100&iso=GB,True,200,,,8,coordinates_lat_lon_radius_capped,Teesside EfW,teesside_efw,facility,54.6,-1.26
https://api.openaq.org/v3/locations?coordinates=54.60000%2C-1.26000&radius=10000&limit=100&iso=GB,True,200,,,5,coordinates_lat_lon_radius_10000,Teesside EfW,teesside_efw,facility,54.6,-1.26
https://api.openaq.org/v3/locations?coordinates=-1.26000%2C54.60000&radius=10000&limit=25&iso=GB,True,200,,,0,diagnostic_coordinates_lon_lat,Teesside EfW,teesside_efw,facility,54.6,-1.26
https://api.openaq.org/v3/locations?bbox=-1.64768%2C54.37542%2C-0.87232%2C54.82458&limit=100&iso=GB,True,200,,,8,bbox_25km_lonlat,Teesside EfW,teesside_efw,facility,54.6,-1.26
https://api.openaq.org/v3/locations?bbox=-1.41507%2C54.51017%2C-1.10493%2C54.68983&limit=100&iso=GB,True,200,,,6,bbox_10km_lonlat,Teesside EfW,teesside_efw,facility,54.6,-1.26
https://api.openaq.org/v3/locations?coordinates=54.54288%2C-1.30384&radius=25000&limit=100&iso=GB,True,200,,,8,coordinates_lat_lon_radius_capped,Teesside EfW,teesside_efw,control,54.5428758,-1.303836096
https://api.openaq.org/v3/locations?coordinates=54.54288%2C-1.30384&radius=10000&limit=100&iso=GB,True,200,,,4,coordinates_lat_lon_radius_10000,Teesside EfW,teesside_efw,control,54.5428758,-1.303836096
https://api.openaq.org/v3/locations?coordinates=-1.30384%2C54.54288&radius=10000&limit=25&iso=GB,True,200,,,0,diagnostic_coordinates_lon_lat,Teesside EfW,teesside_efw,control,54.5428758,-1.303836096
https://api.openaq.org/v3/locations?bbox=-1.69098%2C54.31830%2C-0.91670%2C54.76745&limit=100&iso=GB,True,200,,,8,bbox_25km_lonlat,Teesside EfW,teesside_efw,control,54.5428758,-1.303836096
https://api.openaq.org/v3/locations?bbox=-1.45869%2C54.45304%2C-1.14898%2C54.63271&limit=100&iso=GB,True,200,,,4,bbox_10km_lonlat,Teesside EfW,teesside_efw,control,54.5428758,-1.303836096
https://api.openaq.org/v3/locations?coordinates=52.42000%2C0.75000&radius=25000&limit=100&iso=GB,True,200,,,0,coordinates_lat_lon_radius_capped,Thetford Incinerator,thetford_incinerator,facility,52.42,0.75
https://api.openaq.org/v3/locations?coordinates=52.42000%2C0.75000&radius=10000&limit=100&iso=GB,True,200,,,0,coordinates_lat_lon_radius_10000,Thetford Incinerator,thetford_incinerator,facility,52.42,0.75
https://api.openaq.org/v3/locations?coordinates=0.75000%2C52.42000&radius=10000&limit=25&iso=GB,True,200,,,0,diagnostic_coordinates_lon_lat,Thetford Incinerator,thetford_incinerator,facility,52.42,0.75
https://api.openaq.org/v3/locations?bbox=0.38176%2C52.19542%2C1.11824%2C52.64458&limit=100&iso=GB,True,200,,,1,bbox_25km_lonlat,Thetford Incinerator,thetford_incinerator,facility,52.42,0.75
https://api.openaq.org/v3/locations?bbox=0.60270%2C52.33017%2C0.89730%2C52.50983&limit=100&iso=GB,True,200,,,0,bbox_10km_lonlat,Thetford Incinerator,thetford_incinerator,facility,52.42,0.75
https://api.openaq.org/v3/locations?coordinates=52.36509%2C0.70745&radius=25000&limit=100&iso=GB,True,200,,,0,coordinates_lat_lon_radius_capped,Thetford Incinerator,thetford_incinerator,control,52.36508933633796,0.7074512638157442
https://api.openaq.org/v3/locations?coordinates=52.36509%2C0.70745&radius=10000&limit=100&iso=GB,True,200,,,0,coordinates_lat_lon_radius_10000,Thetford Incinerator,thetford_incinerator,control,52.36508933633796,0.7074512638157442
https://api.openaq.org/v3/locations?coordinates=0.70745%2C52.36509&radius=10000&limit=25&iso=GB,True,200,,,0,diagnostic_coordinates_lon_lat,Thetford Incinerator,thetford_incinerator,control,52.36508933633796,0.7074512638157442
https://api.openaq.org/v3/locations?bbox=0.33967%2C52.14051%2C1.07523%2C52.58967&limit=100&iso=GB,True,200,,,0,bbox_25km_lonlat,Thetford Incinerator,thetford_incinerator,control,52.36508933633796,0.7074512638157442
https://api.openaq.org/v3/locations?bbox=0.56034%2C52.27526%2C0.85456%2C52.45492&limit=100&iso=GB,True,200,,,0,bbox_10km_lonlat,Thetford Incinerator,thetford_incinerator,control,52.36508933633796,0.7074512638157442
https://api.openaq.org/v3/locations?coordinates=52.46000%2C-1.82000&radius=25000&limit=100&iso=GB,True,200,,,33,coordinates_lat_lon_radius_capped,Tyseley EfW,tyseley_efw,facility,52.46,-1.82
https://api.openaq.org/v3/locations?coordinates=52.46000%2C-1.82000&radius=10000&limit=100&iso=GB,True,200,,,26,coordinates_lat_lon_radius_10000,Tyseley EfW,tyseley_efw,facility,52.46,-1.82
https://api.openaq.org/v3/locations?coordinates=-1.82000%2C52.46000&radius=10000&limit=25&iso=GB,True,200,,,0,diagnostic_coordinates_lon_lat,Tyseley EfW,tyseley_efw,facility,52.46,-1.82
https://api.openaq.org/v3/locations?bbox=-2.18857%2C52.23542%2C-1.45143%2C52.68458&limit=100&iso=GB,True,200,,,35,bbox_25km_lonlat,Tyseley EfW,tyseley_efw,facility,52.46,-1.82
https://api.openaq.org/v3/locations?bbox=-1.96743%2C52.37017%2C-1.67257%2C52.54983&limit=100&iso=GB,False,429,HTTPError,"{""detail"":""Too many requests""}",,bbox_10km_lonlat,Tyseley EfW,tyseley_efw,facility,52.46,-1.82
https://api.openaq.org/v3/locations?coordinates=52.41163%2C-1.86083&radius=25000&limit=100&iso=GB,False,429,HTTPError,"{""detail"":""Too many requests""}",,coordinates_lat_lon_radius_capped,Tyseley EfW,tyseley_efw,control,52.41163408578606,-1.860827023
https://api.openaq.org/v3/locations?coordinates=52.41163%2C-1.86083&radius=10000&limit=100&iso=GB,False,429,HTTPError,"{""detail"":""Too many requests""}",,coordinates_lat_lon_radius_10000,Tyseley EfW,tyseley_efw,control,52.41163408578606,-1.860827023
https://api.openaq.org/v3/locations?coordinates=-1.86083%2C52.41163&radius=10000&limit=25&iso=GB,False,429,HTTPError,"{""detail"":""Too many requests""}",,diagnostic_coordinates_lon_lat,Tyseley EfW,tyseley_efw,control,52.41163408578606,-1.860827023
https://api.openaq.org/v3/locations?bbox=-2.22900%2C52.18706%2C-1.49266%2C52.63621&limit=100&iso=GB,False,429,HTTPError,"{""detail"":""Too many requests""}",,bbox_25km_lonlat,Tyseley EfW,tyseley_efw,control,52.41163408578606,-1.860827023
https://api.openaq.org/v3/locations?bbox=-2.00809%2C52.32180%2C-1.71356%2C52.50147&limit=100&iso=GB,False,429,HTTPError,"{""detail"":""Too many requests""}",,bbox_10km_lonlat,Tyseley EfW,tyseley_efw,control,52.41163408578606,-1.860827023
https://api.openaq.org/v3/locations?coordinates=51.14000%2C-2.76000&radius=25000&limit=100&iso=GB,False,429,HTTPError,"{""detail"":""Too many requests""}",,coordinates_lat_lon_radius_capped,Westfield Incinerator,westfield_incinerator,facility,51.14,-2.76
https://api.openaq.org/v3/locations?coordinates=51.14000%2C-2.76000&radius=10000&limit=100&iso=GB,False,429,HTTPError,"{""detail"":""Too many requests""}",,coordinates_lat_lon_radius_10000,Westfield Incinerator,westfield_incinerator,facility,51.14,-2.76
https://api.openaq.org/v3/locations?coordinates=-2.76000%2C51.14000&radius=10000&limit=25&iso=GB,False,429,HTTPError,"{""detail"":""Too many requests""}",,diagnostic_coordinates_lon_lat,Westfield Incinerator,westfield_incinerator,facility,51.14,-2.76
https://api.openaq.org/v3/locations?bbox=-3.11794%2C50.91542%2C-2.40206%2C51.36458&limit=100&iso=GB,False,429,HTTPError,"{""detail"":""Too many requests""}",,bbox_25km_lonlat,Westfield Incinerator,westfield_incinerator,facility,51.14,-2.76
https://api.openaq.org/v3/locations?bbox=-2.90318%2C51.05017%2C-2.61682%2C51.22983&limit=100&iso=GB,False,429,HTTPError,"{""detail"":""Too many requests""}",,bbox_10km_lonlat,Westfield Incinerator,westfield_incinerator,facility,51.14,-2.76
https://api.openaq.org/v3/locations?coordinates=51.08875%2C-2.80824&radius=25000&limit=100&iso=GB,False,429,HTTPError,"{""detail"":""Too many requests""}",,coordinates_lat_lon_radius_capped,Westfield Incinerator,westfield_incinerator,control,51.08874752042375,-2.808241669
https://api.openaq.org/v3/locations?coordinates=51.08875%2C-2.80824&radius=10000&limit=100&iso=GB,False,429,HTTPError,"{""detail"":""Too many requests""}",,coordinates_lat_lon_radius_10000,Westfield Incinerator,westfield_incinerator,control,51.08874752042375,-2.808241669
https://api.openaq.org/v3/locations?coordinates=-2.80824%2C51.08875&radius=10000&limit=25&iso=GB,False,429,HTTPError,"{""detail"":""Too many requests""}",,diagnostic_coordinates_lon_lat,Westfield Incinerator,westfield_incinerator,control,51.08874752042375,-2.808241669
https://api.openaq.org/v3/locations?bbox=-3.16578%2C50.86417%2C-2.45070%2C51.31333&limit=100&iso=GB,False,429,HTTPError,"{""detail"":""Too many requests""}",,bbox_25km_lonlat,Westfield Incinerator,westfield_incinerator,control,51.08874752042375,-2.808241669
https://api.openaq.org/v3/locations?bbox=-2.95126%2C50.99892%2C-2.66522%2C51.17858&limit=100&iso=GB,False,429,HTTPError,"{""detail"":""Too many requests""}",,bbox_10km_lonlat,Westfield Incinerator,westfield_incinerator,control,51.08874752042375,-2.808241669
https://api.openaq.org/v3/locations?coordinates=52.59000%2C-2.12000&radius=25000&limit=100&iso=GB,False,429,HTTPError,"{""detail"":""Too many requests""}",,coordinates_lat_lon_radius_capped,Wolverhampton EfW,wolverhampton_efw,facility,52.59,-2.12
https://api.openaq.org/v3/locations?coordinates=52.59000%2C-2.12000&radius=10000&limit=100&iso=GB,False,429,HTTPError,"{""detail"":""Too many requests""}",,coordinates_lat_lon_radius_10000,Wolverhampton EfW,wolverhampton_efw,facility,52.59,-2.12
https://api.openaq.org/v3/locations?coordinates=-2.12000%2C52.59000&radius=10000&limit=25&iso=GB,False,429,HTTPError,"{""detail"":""Too many requests""}",,diagnostic_coordinates_lon_lat,Wolverhampton EfW,wolverhampton_efw,facility,52.59,-2.12
https://api.openaq.org/v3/locations?bbox=-2.48967%2C52.36542%2C-1.75033%2C52.81458&limit=100&iso=GB,False,429,HTTPError,"{""detail"":""Too many requests""}",,bbox_25km_lonlat,Wolverhampton EfW,wolverhampton_efw,facility,52.59,-2.12
https://api.openaq.org/v3/locations?bbox=-2.26787%2C52.50017%2C-1.97213%2C52.67983&limit=100&iso=GB,False,429,HTTPError,"{""detail"":""Too many requests""}",,bbox_10km_lonlat,Wolverhampton EfW,wolverhampton_efw,facility,52.59,-2.12
https://api.openaq.org/v3/locations?coordinates=52.53488%2C-2.16474&radius=25000&limit=100&iso=GB,False,429,HTTPError,"{""detail"":""Too many requests""}",,coordinates_lat_lon_radius_capped,Wolverhampton EfW,wolverhampton_efw,control,52.53488115081242,-2.164738856
https://api.openaq.org/v3/locations?coordinates=52.53488%2C-2.16474&radius=10000&limit=100&iso=GB,False,429,HTTPError,"{""detail"":""Too many requests""}",,coordinates_lat_lon_radius_10000,Wolverhampton EfW,wolverhampton_efw,control,52.53488115081242,-2.164738856
https://api.openaq.org/v3/locations?coordinates=-2.16474%2C52.53488&radius=10000&limit=25&iso=GB,False,429,HTTPError,"{""detail"":""Too many requests""}",,diagnostic_coordinates_lon_lat,Wolverhampton EfW,wolverhampton_efw,control,52.53488115081242,-2.164738856
https://api.openaq.org/v3/locations?bbox=-2.53394%2C52.31030%2C-1.79554%2C52.75946&limit=100&iso=GB,False,429,HTTPError,"{""detail"":""Too many requests""}",,bbox_25km_lonlat,Wolverhampton EfW,wolverhampton_efw,control,52.53488115081242,-2.164738856
https://api.openaq.org/v3/locations?bbox=-2.31242%2C52.44505%2C-2.01706%2C52.62471&limit=100&iso=GB,False,429,HTTPError,"{""detail"":""Too many requests""}",,bbox_10km_lonlat,Wolverhampton EfW,wolverhampton_efw,control,52.53488115081242,-2.164738856
