facility,facility_key,location,facility_lat,facility_lon,control_site,control_lat,control_lon,query_point_role,query_point_lat,query_point_lon,candidate_source,candidate_status,monitoring_site_name,openaq_location_id,monitoring_site_lat,monitoring_site_lon,distance_query_to_monitor_km,pollutants,monitoring_provider_text,distance_score,pollutant_score,official_hint_score,source_score,relevance_score,review_note
Allerton Waste Recovery Park,allerton_waste_recovery_park,North Yorkshire,53.97,-1.5,Knaresborough,53.91714985298881,-1.544899424,control,53.91714985298881,-1.544899424,OpenAQ v3 locations,candidate_needs_review,Leeds Headingley Kerbside - UKA00527,1396,53.819971999290644,-1.5763609997630645,11.001,no2;pm10;pm25,EEA | Unknown Governmental Organization | United Kingdom | Leeds | Europe/London,25,34,0,5,64,"Candidate only; compare against DEFRA/AURN, local context and source provenance before validation."
Allerton Waste Recovery Park,allerton_waste_recovery_park,North Yorkshire,53.97,-1.5,Knaresborough,53.91714985298881,-1.544899424,control,53.91714985298881,-1.544899424,OpenAQ v3 locations,candidate_needs_review,Leeds Centre - UKA00222,2523,53.80377999962352,-1.54647200030493,12.607,co;no2;o3;pm10;pm25;so2,EEA | Unknown Governmental Organization | United Kingdom | Leeds | Europe/London,22,35,0,5,62,"Candidate only; compare against DEFRA/AURN, local context and source provenance before validation."
Allerton Waste Recovery Park,allerton_waste_recovery_park,North Yorkshire,53.97,-1.5,Knaresborough,53.91714985298881,-1.544899424,facility,53.97,-1.5,OpenAQ v3 locations,candidate_needs_review,Leeds Headingley Kerbside - UKA00527,1396,53.819971999290644,-1.5763609997630645,17.417,no2;pm10;pm25,EEA | Unknown Governmental Organization | United Kingdom | Leeds | Europe/London,13,34,0,5,52,"Candidate only; compare against DEFRA/AURN, local context and source provenance before validation."
Allerton Waste Recovery Park,allerton_waste_recovery_park,North Yorkshire,53.97,-1.5,Knaresborough,53.91714985298881,-1.544899424,facility,53.97,-1.5,OpenAQ v3 locations,candidate_needs_review,Leeds Centre - UKA00222,2523,53.80377999962352,-1.54647200030493,18.732,co;no2;o3;pm10;pm25;so2,EEA | Unknown Governmental Organization | United Kingdom | Leeds | Europe/London,11,35,0,5,51,"Candidate only; compare against DEFRA/AURN, local context and source provenance before validation."
Allerton Waste Recovery Park,allerton_waste_recovery_park,North Yorkshire,53.97,-1.5,Knaresborough,53.91714985298881,-1.544899424,control,53.91714985298881,-1.544899424,OpenAQ v3 locations,candidate_needs_review,SL-AG-001(Bardsey),6247129,53.88994,-1.4395,7.539,pm1;pm25;relativehumidity;temperature;um003,AirGradient | AirGradient | United Kingdom | Europe/London,31,12,0,5,48,"Candidate only; compare against DEFRA/AURN, local context and source provenance before validation."
Allerton Waste Recovery Park,allerton_waste_recovery_park,North Yorkshire,53.97,-1.5,Knaresborough,53.91714985298881,-1.544899424,facility,53.97,-1.5,OpenAQ v3 locations,candidate_needs_review,SL-AG-001(Bardsey),6247129,53.88994,-1.4395,9.744,pm1;pm25;relativehumidity;temperature;um003,AirGradient | AirGradient | United Kingdom | Europe/London,27,12,0,5,44,"Candidate only; compare against DEFRA/AURN, local context and source provenance before validation."
Allington Quarry Waste Management Facility,allington_quarry_waste_management_facility,Kent,51.23,0.5,Aylesford,51.17164159983072,0.4584710510889741,facility,51.23,0.5,OpenAQ v3 locations,candidate_needs_review,West Farleigh,3123123,51.23649525729965,0.4518779047706621,3.427,pm1;pm10;pm25;relativehumidity;temperature;um003,AirGradient | Tim | United Kingdom | Europe/London,38,24,0,5,67,"Candidate only; compare against DEFRA/AURN, local context and source provenance before validation."
Allington Quarry Waste Management Facility,allington_quarry_waste_management_facility,Kent,51.23,0.5,Aylesford,51.17164159983072,0.4584710510889741,control,51.17164159983072,0.4584710510889741,OpenAQ v3 locations,candidate_needs_review,West Farleigh,3123123,51.23649525729965,0.4518779047706621,7.226,pm1;pm10;pm25;relativehumidity;temperature;um003,AirGradient | Tim | United Kingdom | Europe/London,31,24,0,5,60,"Candidate only; compare against DEFRA/AURN, local context and source provenance before validation."
Allington Quarry Waste Management Facility,allington_quarry_waste_management_facility,Kent,51.23,0.5,Aylesford,51.17164159983072,0.4584710510889741,facility,51.23,0.5,OpenAQ v3 locations,candidate_needs_review,Chatham Roadside - UKA00553,2560,51.374263999538954,0.5479700002695834,16.384,no2;pm10;pm25,EEA | Unknown Governmental Organization | United Kingdom | Chatham | Europe/London,15,34,0,5,54,"Candidate only; compare against DEFRA/AURN, local context and source provenance before validation."
Allington Quarry Waste Management Facility,allington_quarry_waste_management_facility,Kent,51.23,0.5,Aylesford,51.17164159983072,0.4584710510889741,control,51.17164159983072,0.4584710510889741,OpenAQ v3 locations,candidate_needs_review,Chatham Roadside - UKA00553,2560,51.374263999538954,0.5479700002695834,23.375,no2;pm10;pm25,EEA | Unknown Governmental Organization | United Kingdom | Chatham | Europe/London,2,34,0,5,41,"Candidate only; compare against DEFRA/AURN, local context and source provenance before validation."
Allington Quarry Waste Management Facility,allington_quarry_waste_management_facility,Kent,51.23,0.5,Aylesford,51.17164159983072,0.4584710510889741,facility,51.23,0.5,OpenAQ v3 locations,candidate_needs_review,Dartford - Bean Lane,1481124,51.4306174423102,0.280976036868921,27.004,no2;pm10;pm25,London Air Quality Network | Unknown Governmental Organization | United Kingdom | Dartford | Europe/London,0,34,0,5,39,"Candidate only; compare against DEFRA/AURN, local context and source provenance before validation."
Allington Quarry Waste Management Facility,allington_quarry_waste_management_facility,Kent,51.23,0.5,Aylesford,51.17164159983072,0.4584710510889741,control,51.17164159983072,0.4584710510889741,OpenAQ v3 locations,candidate_needs_review,Sevenoaks - Greatness Park,225781,51.289391,0.201437,22.175,no2;o3;pm10,London Air Quality Network | Unknown Governmental Organization | United Kingdom | Sevenoaks | Europe/London,5,28,0,5,38,"Candidate only; compare against DEFRA/AURN, local context and source provenance before validation."
Ardley ERF,ardley_erf,Oxfordshire,51.9,-1.28,Bicester,51.84701494968608,-1.327628875,control,51.84701494968608,-1.327628875,OpenAQ v3 locations,candidate_needs_review,Oxford St Ebbes,2469,51.744806000000004,-1.260278,12.273,no2;o3;pm10;pm25,DEFRA | Unknown Governmental Organization | United Kingdom | Oxford | Europe/London,22,35,15,5,77,"Candidate only; compare against DEFRA/AURN, local context and source provenance before validation."
Ardley ERF,ardley_erf,Oxfordshire,51.9,-1.28,Bicester,51.84701494968608,-1.327628875,facility,51.9,-1.28,OpenAQ v3 locations,candidate_needs_review,Oxford St Ebbes,2469,51.744806000000004,-1.260278,17.31,no2;o3;pm10;pm25,DEFRA | Unknown Governmental Organization | United Kingdom | Oxford | Europe/London,13,35,15,5,68,"Candidate only; compare against DEFRA/AURN, local context and source provenance before validation."
Ardley ERF,ardley_erf,Oxfordshire,51.9,-1.28,Bicester,51.84701494968608,-1.327628875,control,51.84701494968608,-1.327628875,OpenAQ v3 locations,candidate_needs_review,Oxford Centre Roadside,2318,51.751745,-1.257463,11.641,no2,DEFRA | Unknown Governmental Organization | United Kingdom | Oxford | Europe/London,24,10,15,5,54,"Candidate only; compare against DEFRA/AURN, local context and source provenance before validation."
Ardley ERF,ardley_erf,Oxfordshire,51.9,-1.28,Bicester,51.84701494968608,-1.327628875,facility,51.9,-1.28,OpenAQ v3 locations,candidate_needs_review,Oxford Centre Roadside,2318,51.751745,-1.257463,16.558,no2,DEFRA | Unknown Governmental Organization | United Kingdom | Oxford | Europe/London,15,10,15,5,45,"Candidate only; compare against DEFRA/AURN, local context and source provenance before validation."
Ardley ERF,ardley_erf,Oxfordshire,51.9,-1.28,Bicester,51.84701494968608,-1.327628875,control,51.84701494968608,-1.327628875,OpenAQ v3 locations,candidate_needs_review,Kingston Bagpuize,2939974,51.68114870934652,-1.416891787834181,19.44,pm1;pm10;pm25;relativehumidity;temperature;um003,AirGradient | Unknown Person | United Kingdom | Europe/London,10,24,0,5,39,"Candidate only; compare against DEFRA/AURN, local context and source provenance before validation."
Beddington ERF,beddington_erf,"Sutton, London",51.36,-0.17,Ewell,51.31350876,-0.224624622,facility,51.36,-0.17,OpenAQ v3 locations,candidate_needs_review,Robin Hood Health Centre,223803,51.362842,-0.196908,1.895,no;no2;nox;pm25,london stationary | Unknown Research Organization | United Kingdom | Europe/London,41,35,0,5,81,"Candidate only; compare against DEFRA/AURN, local context and source provenance before validation."
Beddington ERF,beddington_erf,"Sutton, London",51.36,-0.17,Ewell,51.31350876,-0.224624622,facility,51.36,-0.17,OpenAQ v3 locations,candidate_needs_review,Sutton - Beddington Lane north,225832,51.38928690450499,-0.141661524779893,3.805,no2;pm10;pm25,London Air Quality Network | Unknown Governmental Organization | United Kingdom | Sutton | Europe/London,38,34,0,5,77,"Candidate only; compare against DEFRA/AURN, local context and source provenance before validation."
Beddington ERF,beddington_erf,"Sutton, London",51.36,-0.17,Ewell,51.31350876,-0.224624622,control,51.31350876,-0.224624622,OpenAQ v3 locations,candidate_needs_review,Robin Hood Health Centre,223803,51.362842,-0.196908,5.814,no;no2;nox;pm25,london stationary | Unknown Research Organization | United Kingdom | Europe/London,34,35,0,5,74,"Candidate only; compare against DEFRA/AURN, local context and source provenance before validation."
Beddington ERF,beddington_erf,"Sutton, London",51.36,-0.17,Ewell,51.31350876,-0.224624622,facility,51.36,-0.17,OpenAQ v3 locations,candidate_needs_review,Merton - Merton Road,225773,51.4161384794862,-0.192230805042824,6.43,no2;pm10;pm25,London Air Quality Network | Unknown Governmental Organization | United Kingdom | Merton | Europe/London,33,34,0,5,72,"Candidate only; compare against DEFRA/AURN, local context and source provenance before validation."
Beddington ERF,beddington_erf,"Sutton, London",51.36,-0.17,Ewell,51.31350876,-0.224624622,control,51.31350876,-0.224624622,OpenAQ v3 locations,candidate_needs_review,Kingston Upon Thames - Tolworth Broadway,225764,51.379312,-0.281259,8.307,no2;pm10;pm25,London Air Quality Network | Unknown Governmental Organization | United Kingdom | Kingston | Europe/London,30,34,0,5,69,"Candidate only; compare against DEFRA/AURN, local context and source provenance before validation."
Beddington ERF,beddington_erf,"Sutton, London",51.36,-0.17,Ewell,51.31350876,-0.224624622,control,51.31350876,-0.224624622,OpenAQ v3 locations,candidate_needs_review,Sutton - Beddington Lane north,225832,51.38928690450499,-0.141661524779893,10.208,no2;pm10;pm25,London Air Quality Network | Unknown Governmental Organization | United Kingdom | Sutton | Europe/London,26,34,0,5,65,"Candidate only; compare against DEFRA/AURN, local context and source provenance before validation."
Bolton WtE,bolton_wte,Greater Manchester,53.58,-2.43,Horwich,53.5303755682824,-2.474737575,control,53.5303755682824,-2.474737575,OpenAQ v3 locations,candidate_needs_review,Salford Eccles,718,53.48481,-2.334139,10.589,no2;o3;pm10;pm25,DEFRA | Unknown Governmental Organization | United Kingdom | Manchester | Europe/London,25,35,15,5,80,"Candidate only; compare against DEFRA/AURN, local context and source provenance before validation."
Bolton WtE,bolton_wte,Greater Manchester,53.58,-2.43,Horwich,53.5303755682824,-2.474737575,facility,53.58,-2.43,OpenAQ v3 locations,candidate_needs_review,Salford Eccles,718,53.48481,-2.334139,12.336,no2;o3;pm10;pm25,DEFRA | Unknown Governmental Organization | United Kingdom | Manchester | Europe/London,22,35,15,5,77,"Candidate only; compare against DEFRA/AURN, local context and source provenance before validation."
Bolton WtE,bolton_wte,Greater Manchester,53.58,-2.43,Horwich,53.5303755682824,-2.474737575,control,53.5303755682824,-2.474737575,OpenAQ v3 locations,candidate_needs_review,Glazebury - UKA00170,2431,53.4600799995706,-2.4720559997084366,7.819,no2;o3;pm10;pm25,EEA | Unknown Governmental Organization | United Kingdom | Glazebury | Europe/London,30,35,0,5,70,"Candidate only; compare against DEFRA/AURN, local context and source provenance before validation."
Bolton WtE,bolton_wte,Greater Manchester,53.58,-2.43,Horwich,53.5303755682824,-2.474737575,control,53.5303755682824,-2.474737575,OpenAQ v3 locations,candidate_needs_review,Wigan Centre - UKA00482,2293,53.549139999250514,-2.638138999803485,10.997,no2;o3;pm10;pm25,EEA | Unknown Governmental Organization | United Kingdom | Wigan | Europe/London,25,35,0,5,65,"Candidate only; compare against DEFRA/AURN, local context and source provenance before validation."
Bolton WtE,bolton_wte,Greater Manchester,53.58,-2.43,Horwich,53.5303755682824,-2.474737575,facility,53.58,-2.43,OpenAQ v3 locations,candidate_needs_review,Glazebury - UKA00170,2431,53.4600799995706,-2.4720559997084366,13.621,no2;o3;pm10;pm25,EEA | Unknown Governmental Organization | United Kingdom | Glazebury | Europe/London,20,35,0,5,60,"Candidate only; compare against DEFRA/AURN, local context and source provenance before validation."
Bolton WtE,bolton_wte,Greater Manchester,53.58,-2.43,Horwich,53.5303755682824,-2.474737575,facility,53.58,-2.43,OpenAQ v3 locations,candidate_needs_review,Wigan Centre - UKA00482,2293,53.549139999250514,-2.638138999803485,14.167,no2;o3;pm10;pm25,EEA | Unknown Governmental Organization | United Kingdom | Wigan | Europe/London,19,35,0,5,59,"Candidate only; compare against DEFRA/AURN, local context and source provenance before validation."
