facility,facility_key,location,facility_lat,facility_lon,control_site,control_lat,control_lon,query_point_role,query_point_lat,query_point_lon,candidate_source,candidate_status,candidate_review_class,monitoring_site_name,openaq_location_id,monitoring_site_lat,monitoring_site_lon,distance_query_to_monitor_km,pollutants,monitoring_provider_text,provider_class,distance_score,pollutant_score,official_hint_score,source_score,relevance_score,suggested_action,review_note
Peterborough ERF,peterborough,Peterborough,52.59,-0.24,Yaxley,52.53404152523351,-0.295573435,facility,52.59,-0.24,OpenAQ v3 locations,candidate_needs_review,supporting_context_community_sensor,"Crowland, lincolnshire",2986645,52.6804878,-0.1680119,11.173,pm1;pm10;pm25;relativehumidity;temperature;um003,AirGradient | Unknown Person | United Kingdom | Europe/London,community_or_uncertain_candidate,25,17,0,0,42,use_as_supporting_context_only,"Candidate only; compare against DEFRA/AURN, local geography, control-site role and source provenance before validation."
Peterborough ERF,peterborough,Peterborough,52.59,-0.24,Yaxley,52.53404152523351,-0.295573435,control,52.53404152523351,-0.295573435,OpenAQ v3 locations,candidate_needs_review,supporting_context_community_sensor,"Crowland, lincolnshire",2986645,52.6804878,-0.1680119,18.422,pm1;pm10;pm25;relativehumidity;temperature;um003,AirGradient | Unknown Person | United Kingdom | Europe/London,community_or_uncertain_candidate,14,17,0,0,31,use_as_supporting_context_only,"Candidate only; compare against DEFRA/AURN, local geography, control-site role and source provenance before validation."
Portsmouth ERF,portsmouth,Portsmouth,50.8,-1.06,Portchester,50.75995290109277,-1.115574836,facility,50.8,-1.06,OpenAQ v3 locations,candidate_needs_review,high_confidence_official_candidate,Portsmouth Background AURN,226345,50.8282053073682,-1.06994447818715,3.213,no2;o3;pm10;pm25,London Air Quality Network | Unknown Governmental Organization | United Kingdom | Hampshire | Europe/London,official_or_governmental_candidate,40,33,15,5,93,review_for_promotion_to_validated_overlay,"Candidate only; compare against DEFRA/AURN, local geography, control-site role and source provenance before validation."
Portsmouth ERF,portsmouth,Portsmouth,50.8,-1.06,Portchester,50.75995290109277,-1.115574836,facility,50.8,-1.06,OpenAQ v3 locations,candidate_needs_review,high_confidence_official_candidate,Portsmouth - UKA00421,2526,50.828809999288616,-1.0685829997273733,3.26,no2;o3;pm10;pm25,EEA | Unknown Governmental Organization | United Kingdom | Portsmouth | Europe/London,official_or_governmental_candidate,40,33,15,5,93,review_for_promotion_to_validated_overlay,"Candidate only; compare against DEFRA/AURN, local geography, control-site role and source provenance before validation."
Portsmouth ERF,portsmouth,Portsmouth,50.8,-1.06,Portchester,50.75995290109277,-1.115574836,control,50.75995290109277,-1.115574836,OpenAQ v3 locations,candidate_needs_review,high_confidence_official_candidate,Portsmouth Background AURN,226345,50.8282053073682,-1.06994447818715,8.239,no2;o3;pm10;pm25,London Air Quality Network | Unknown Governmental Organization | United Kingdom | Hampshire | Europe/London,official_or_governmental_candidate,32,33,15,5,85,review_for_promotion_to_validated_overlay,"Candidate only; compare against DEFRA/AURN, local geography, control-site role and source provenance before validation."
Portsmouth ERF,portsmouth,Portsmouth,50.8,-1.06,Portchester,50.75995290109277,-1.115574836,control,50.75995290109277,-1.115574836,OpenAQ v3 locations,candidate_needs_review,high_confidence_official_candidate,Portsmouth - UKA00421,2526,50.828809999288616,-1.0685829997273733,8.339,no2;o3;pm10;pm25,EEA | Unknown Governmental Organization | United Kingdom | Portsmouth | Europe/London,official_or_governmental_candidate,32,33,15,5,85,review_for_promotion_to_validated_overlay,"Candidate only; compare against DEFRA/AURN, local geography, control-site role and source provenance before validation."
Portsmouth ERF,portsmouth,Portsmouth,50.8,-1.06,Portchester,50.75995290109277,-1.115574836,facility,50.8,-1.06,OpenAQ v3 locations,candidate_needs_review,local_or_official_candidate_needs_review,Portsmouth Anglesea Road - UKA00651,2659938,50.79833899930249,-1.0955580000494325,2.506,no2;pm10,EEA | Unknown Governmental Organization | United Kingdom | Europe/London,official_or_governmental_candidate,40,18,15,5,78,review_as_local_or_official_overlay_candidate,"Candidate only; compare against DEFRA/AURN, local geography, control-site role and source provenance before validation."
Portsmouth ERF,portsmouth,Portsmouth,50.8,-1.06,Portchester,50.75995290109277,-1.115574836,control,50.75995290109277,-1.115574836,OpenAQ v3 locations,candidate_needs_review,local_or_official_candidate_needs_review,Portsmouth Anglesea Road - UKA00651,2659938,50.79833899930249,-1.0955580000494325,4.494,no2;pm10,EEA | Unknown Governmental Organization | United Kingdom | Europe/London,official_or_governmental_candidate,40,18,15,5,78,review_as_local_or_official_overlay_candidate,"Candidate only; compare against DEFRA/AURN, local geography, control-site role and source provenance before validation."
Portsmouth ERF,portsmouth,Portsmouth,50.8,-1.06,Portchester,50.75995290109277,-1.115574836,control,50.75995290109277,-1.115574836,OpenAQ v3 locations,candidate_needs_review,plausible_candidate_needs_review,Southampton Centre - UKA00235,698,50.90813999934531,-1.3957779998162605,25.666,no2;o3;pm10;pm25;so2,EEA | Unknown Governmental Organization | United Kingdom | Southampton | Europe/London,official_or_governmental_candidate,4,35,15,5,59,review_geography_and_source_before_use,"Candidate only; compare against DEFRA/AURN, local geography, control-site role and source provenance before validation."
Portsmouth ERF,portsmouth,Portsmouth,50.8,-1.06,Portchester,50.75995290109277,-1.115574836,facility,50.8,-1.06,OpenAQ v3 locations,candidate_needs_review,plausible_candidate_needs_review,Southampton Centre - UKA00235,698,50.90813999934531,-1.3957779998162605,26.461,no2;o3;pm10;pm25;so2,EEA | Unknown Governmental Organization | United Kingdom | Southampton | Europe/London,official_or_governmental_candidate,4,35,15,5,59,review_geography_and_source_before_use,"Candidate only; compare against DEFRA/AURN, local geography, control-site role and source provenance before validation."
Portsmouth ERF,portsmouth,Portsmouth,50.8,-1.06,Portchester,50.75995290109277,-1.115574836,facility,50.8,-1.06,OpenAQ v3 locations,candidate_needs_review,plausible_candidate_needs_review,Chichester - A27 Chichester Bypass,225724,50.827304,-0.782009,19.766,no2;pm10,London Air Quality Network | Unknown Governmental Organization | United Kingdom | Europe/London,official_or_governmental_candidate,14,18,15,5,52,review_geography_and_source_before_use,"Candidate only; compare against DEFRA/AURN, local geography, control-site role and source provenance before validation."
Portsmouth ERF,portsmouth,Portsmouth,50.8,-1.06,Portchester,50.75995290109277,-1.115574836,control,50.75995290109277,-1.115574836,OpenAQ v3 locations,candidate_needs_review,plausible_candidate_needs_review,Chichester - A27 Chichester Bypass,225724,50.827304,-0.782009,24.613,no2;pm10,London Air Quality Network | Unknown Governmental Organization | United Kingdom | Europe/London,official_or_governmental_candidate,14,18,15,5,52,review_geography_and_source_before_use,"Candidate only; compare against DEFRA/AURN, local geography, control-site role and source provenance before validation."
Portsmouth ERF,portsmouth,Portsmouth,50.8,-1.06,Portchester,50.75995290109277,-1.115574836,control,50.75995290109277,-1.115574836,OpenAQ v3 locations,candidate_needs_review,plausible_candidate_needs_review,Southampton A33 - UKA00613,2365,50.9202649996517,-1.4634840003224667,30.242,no2;pm10;pm25,EEA | Unknown Governmental Organization | United Kingdom | Southampton | Europe/London,official_or_governmental_candidate,4,27,15,5,51,review_geography_and_source_before_use,"Candidate only; compare against DEFRA/AURN, local geography, control-site role and source provenance before validation."
Portsmouth ERF,portsmouth,Portsmouth,50.8,-1.06,Portchester,50.75995290109277,-1.115574836,facility,50.8,-1.06,OpenAQ v3 locations,candidate_needs_review,manual_review_low_confidence,Chichester - Orchard Street,225712,50.8401059726033,-0.780288953021259,20.149,no2,London Air Quality Network | Unknown Governmental Organization | United Kingdom | Europe/London,official_or_governmental_candidate,14,10,15,5,44,manual_review_or_find_alternative_source,"Candidate only; compare against DEFRA/AURN, local geography, control-site role and source provenance before validation."
Portsmouth ERF,portsmouth,Portsmouth,50.8,-1.06,Portchester,50.75995290109277,-1.115574836,facility,50.8,-1.06,OpenAQ v3 locations,candidate_needs_review,manual_review_low_confidence,Chichester - Westhampnett Road,225722,50.8412972202306,-0.762745555534531,21.38,no2,London Air Quality Network | Unknown Governmental Organization | United Kingdom | Europe/London,official_or_governmental_candidate,14,10,15,5,44,manual_review_or_find_alternative_source,"Candidate only; compare against DEFRA/AURN, local geography, control-site role and source provenance before validation."
Portsmouth ERF,portsmouth,Portsmouth,50.8,-1.06,Portchester,50.75995290109277,-1.115574836,control,50.75995290109277,-1.115574836,OpenAQ v3 locations,candidate_needs_review,manual_review_low_confidence,Southampton - A33 Roadside AURN,225759,50.9205490280861,-1.46363686588104,30.269,no2;pm10,London Air Quality Network | Unknown Governmental Organization | United Kingdom | Europe/London,official_or_governmental_candidate,4,18,15,5,42,manual_review_or_find_alternative_source,"Candidate only; compare against DEFRA/AURN, local geography, control-site role and source provenance before validation."
Portsmouth ERF,portsmouth,Portsmouth,50.8,-1.06,Portchester,50.75995290109277,-1.115574836,control,50.75995290109277,-1.115574836,OpenAQ v3 locations,candidate_needs_review,supporting_context_community_sensor,Stubbington,6154865,50.8132359,-1.2159721,9.215,pm1;pm25;relativehumidity;temperature;um003,AirGradient | AirGradient | United Kingdom | Europe/London,community_or_uncertain_candidate,32,9,0,0,41,use_as_supporting_context_only,"Candidate only; compare against DEFRA/AURN, local geography, control-site role and source provenance before validation."
Portsmouth ERF,portsmouth,Portsmouth,50.8,-1.06,Portchester,50.75995290109277,-1.115574836,control,50.75995290109277,-1.115574836,OpenAQ v3 locations,candidate_needs_review,supporting_context_community_sensor,SouthBrading,6120266,50.66911239847416,-1.1494523022488274,10.379,pm1;pm25;relativehumidity;temperature;um003,AirGradient | AirGradient | United Kingdom | Europe/London,community_or_uncertain_candidate,25,9,0,0,34,use_as_supporting_context_only,"Candidate only; compare against DEFRA/AURN, local geography, control-site role and source provenance before validation."
Portsmouth ERF,portsmouth,Portsmouth,50.8,-1.06,Portchester,50.75995290109277,-1.115574836,facility,50.8,-1.06,OpenAQ v3 locations,candidate_needs_review,supporting_context_community_sensor,Stubbington,6154865,50.8132359,-1.2159721,11.058,pm1;pm25;relativehumidity;temperature;um003,AirGradient | AirGradient | United Kingdom | Europe/London,community_or_uncertain_candidate,25,9,0,0,34,use_as_supporting_context_only,"Candidate only; compare against DEFRA/AURN, local geography, control-site role and source provenance before validation."
Portsmouth ERF,portsmouth,Portsmouth,50.8,-1.06,Portchester,50.75995290109277,-1.115574836,control,50.75995290109277,-1.115574836,OpenAQ v3 locations,candidate_needs_review,manual_review_low_confidence,Chichester - Orchard Street,225712,50.8401059726033,-0.780288953021259,25.193,no2,London Air Quality Network | Unknown Governmental Organization | United Kingdom | Europe/London,official_or_governmental_candidate,4,10,15,5,34,manual_review_or_find_alternative_source,"Candidate only; compare against DEFRA/AURN, local geography, control-site role and source provenance before validation."
Portsmouth ERF,portsmouth,Portsmouth,50.8,-1.06,Portchester,50.75995290109277,-1.115574836,control,50.75995290109277,-1.115574836,OpenAQ v3 locations,candidate_needs_review,manual_review_low_confidence,Chichester - Westhampnett Road,225722,50.8412972202306,-0.762745555534531,26.394,no2,London Air Quality Network | Unknown Governmental Organization | United Kingdom | Europe/London,official_or_governmental_candidate,4,10,15,5,34,manual_review_or_find_alternative_source,"Candidate only; compare against DEFRA/AURN, local geography, control-site role and source provenance before validation."
Portsmouth ERF,portsmouth,Portsmouth,50.8,-1.06,Portchester,50.75995290109277,-1.115574836,facility,50.8,-1.06,OpenAQ v3 locations,candidate_needs_review,supporting_context_community_sensor,SouthBrading,6120266,50.66911239847416,-1.1494523022488274,15.857,pm1;pm25;relativehumidity;temperature;um003,AirGradient | AirGradient | United Kingdom | Europe/London,community_or_uncertain_candidate,14,9,0,0,23,use_as_supporting_context_only,"Candidate only; compare against DEFRA/AURN, local geography, control-site role and source provenance before validation."
Portsmouth ERF,portsmouth,Portsmouth,50.8,-1.06,Portchester,50.75995290109277,-1.115574836,facility,50.8,-1.06,OpenAQ v3 locations,candidate_needs_review,supporting_context_community_sensor,Swanmore,6134108,50.9404,-1.1805,17.755,pm1;pm25;relativehumidity;temperature;um003,AirGradient | AirGradient | United Kingdom | Europe/London,community_or_uncertain_candidate,14,9,0,0,23,use_as_supporting_context_only,"Candidate only; compare against DEFRA/AURN, local geography, control-site role and source provenance before validation."
Portsmouth ERF,portsmouth,Portsmouth,50.8,-1.06,Portchester,50.75995290109277,-1.115574836,control,50.75995290109277,-1.115574836,OpenAQ v3 locations,candidate_needs_review,supporting_context_community_sensor,Swanmore,6134108,50.9404,-1.1805,20.576,pm1;pm25;relativehumidity;temperature;um003,AirGradient | AirGradient | United Kingdom | Europe/London,community_or_uncertain_candidate,14,9,0,0,23,use_as_supporting_context_only,"Candidate only; compare against DEFRA/AURN, local geography, control-site role and source provenance before validation."
Portsmouth ERF,portsmouth,Portsmouth,50.8,-1.06,Portchester,50.75995290109277,-1.115574836,control,50.75995290109277,-1.115574836,OpenAQ v3 locations,candidate_needs_review,supporting_context_community_sensor,Winn Road,3238132,50.9256,-1.39883,27.108,pm1;pm10;pm25;relativehumidity;temperature;um003,AirGradient | Unknown Person | United Kingdom | Europe/London,community_or_uncertain_candidate,4,17,0,0,21,use_as_supporting_context_only,"Candidate only; compare against DEFRA/AURN, local geography, control-site role and source provenance before validation."
Portsmouth ERF,portsmouth,Portsmouth,50.8,-1.06,Portchester,50.75995290109277,-1.115574836,facility,50.8,-1.06,OpenAQ v3 locations,candidate_needs_review,supporting_context_community_sensor,Winn Road,3238132,50.9256,-1.39883,27.578,pm1;pm10;pm25;relativehumidity;temperature;um003,AirGradient | Unknown Person | United Kingdom | Europe/London,community_or_uncertain_candidate,4,17,0,0,21,use_as_supporting_context_only,"Candidate only; compare against DEFRA/AURN, local geography, control-site role and source provenance before validation."
Portsmouth ERF,portsmouth,Portsmouth,50.8,-1.06,Portchester,50.75995290109277,-1.115574836,control,50.75995290109277,-1.115574836,OpenAQ v3 locations,candidate_needs_review,supporting_context_community_sensor,Bassett,3336577,50.93626,-1.411351,28.558,pm1;pm10;pm25;relativehumidity;temperature;um003,AirGradient | Egnaro | United Kingdom | Europe/London,community_or_uncertain_candidate,4,17,0,0,21,use_as_supporting_context_only,"Candidate only; compare against DEFRA/AURN, local geography, control-site role and source provenance before validation."
Portsmouth ERF,portsmouth,Portsmouth,50.8,-1.06,Portchester,50.75995290109277,-1.115574836,facility,50.8,-1.06,OpenAQ v3 locations,candidate_needs_review,supporting_context_community_sensor,Bassett,3336577,50.93626,-1.411351,28.94,pm1;pm10;pm25;relativehumidity;temperature;um003,AirGradient | Egnaro | United Kingdom | Europe/London,community_or_uncertain_candidate,4,17,0,0,21,use_as_supporting_context_only,"Candidate only; compare against DEFRA/AURN, local geography, control-site role and source provenance before validation."
Red Moss Landfill,redmosslandfill,Greater Manchester,53.5,-2.12,Westhoughton,53.4454823762909,-2.175727388,control,53.4454823762909,-2.175727388,OpenAQ v3 locations,candidate_needs_review,high_confidence_official_candidate,Manchester Piccadilly - UKA00248,2312,53.48151999965718,-2.237881000216118,5.743,no2;o3;pm10;pm25;so2,EEA | Unknown Governmental Organization | United Kingdom | Manchester | Europe/London,official_or_governmental_candidate,32,35,15,5,87,review_for_promotion_to_validated_overlay,"Candidate only; compare against DEFRA/AURN, local geography, control-site role and source provenance before validation."
Red Moss Landfill,redmosslandfill,Greater Manchester,53.5,-2.12,Westhoughton,53.4454823762909,-2.175727388,facility,53.5,-2.12,OpenAQ v3 locations,candidate_needs_review,high_confidence_official_candidate,Manchester Piccadilly - UKA00248,2312,53.48151999965718,-2.237881000216118,8.065,no2;o3;pm10;pm25;so2,EEA | Unknown Governmental Organization | United Kingdom | Manchester | Europe/London,official_or_governmental_candidate,32,35,15,5,87,review_for_promotion_to_validated_overlay,"Candidate only; compare against DEFRA/AURN, local geography, control-site role and source provenance before validation."
Red Moss Landfill,redmosslandfill,Greater Manchester,53.5,-2.12,Westhoughton,53.4454823762909,-2.175727388,control,53.4454823762909,-2.175727388,OpenAQ v3 locations,candidate_needs_review,high_confidence_official_candidate,Manchester Sharston - UKA00617,2286,53.37130599925776,-2.2392179996844,9.26,no2;o3;pm10;pm25,EEA | Unknown Governmental Organization | United Kingdom | Manchester | Europe/London,official_or_governmental_candidate,32,33,15,5,85,review_for_promotion_to_validated_overlay,"Candidate only; compare against DEFRA/AURN, local geography, control-site role and source provenance before validation."
Red Moss Landfill,redmosslandfill,Greater Manchester,53.5,-2.12,Westhoughton,53.4454823762909,-2.175727388,control,53.4454823762909,-2.175727388,OpenAQ v3 locations,candidate_needs_review,local_or_official_candidate_needs_review,Salford Eccles,718,53.48481,-2.334139,11.361,no2;o3;pm10;pm25,DEFRA | Unknown Governmental Organization | United Kingdom | Manchester | Europe/London,official_or_governmental_candidate,25,33,15,5,78,review_as_local_or_official_overlay_candidate,"Candidate only; compare against DEFRA/AURN, local geography, control-site role and source provenance before validation."
Red Moss Landfill,redmosslandfill,Greater Manchester,53.5,-2.12,Westhoughton,53.4454823762909,-2.175727388,facility,53.5,-2.12,OpenAQ v3 locations,candidate_needs_review,local_or_official_candidate_needs_review,Salford Eccles,718,53.48481,-2.334139,14.266,no2;o3;pm10;pm25,DEFRA | Unknown Governmental Organization | United Kingdom | Manchester | Europe/London,official_or_governmental_candidate,25,33,15,5,78,review_as_local_or_official_overlay_candidate,"Candidate only; compare against DEFRA/AURN, local geography, control-site role and source provenance before validation."
Red Moss Landfill,redmosslandfill,Greater Manchester,53.5,-2.12,Westhoughton,53.4454823762909,-2.175727388,facility,53.5,-2.12,OpenAQ v3 locations,candidate_needs_review,local_or_official_candidate_needs_review,Manchester Sharston - UKA00617,2286,53.37130599925776,-2.2392179996844,16.345,no2;o3;pm10;pm25,EEA | Unknown Governmental Organization | United Kingdom | Manchester | Europe/London,official_or_governmental_candidate,14,33,15,5,67,review_as_local_or_official_overlay_candidate,"Candidate only; compare against DEFRA/AURN, local geography, control-site role and source provenance before validation."
Red Moss Landfill,redmosslandfill,Greater Manchester,53.5,-2.12,Westhoughton,53.4454823762909,-2.175727388,control,53.4454823762909,-2.175727388,OpenAQ v3 locations,candidate_needs_review,local_or_official_candidate_needs_review,Glazebury - UKA00170,2431,53.4600799995706,-2.4720559997084366,19.688,no2;o3;pm10;pm25,EEA | Unknown Governmental Organization | United Kingdom | Glazebury | Europe/London,official_or_governmental_candidate,14,33,15,5,67,review_as_local_or_official_overlay_candidate,"Candidate only; compare against DEFRA/AURN, local geography, control-site role and source provenance before validation."
Red Moss Landfill,redmosslandfill,Greater Manchester,53.5,-2.12,Westhoughton,53.4454823762909,-2.175727388,facility,53.5,-2.12,OpenAQ v3 locations,candidate_needs_review,local_or_official_candidate_needs_review,Glazebury - UKA00170,2431,53.4600799995706,-2.4720559997084366,23.716,no2;o3;pm10;pm25,EEA | Unknown Governmental Organization | United Kingdom | Glazebury | Europe/London,official_or_governmental_candidate,14,33,15,5,67,review_as_local_or_official_overlay_candidate,"Candidate only; compare against DEFRA/AURN, local geography, control-site role and source provenance before validation."
Red Moss Landfill,redmosslandfill,Greater Manchester,53.5,-2.12,Westhoughton,53.4454823762909,-2.175727388,facility,53.5,-2.12,OpenAQ v3 locations,candidate_needs_review,local_or_official_candidate_needs_review,Bury Whitefield Roadside - UKA00598,2444,53.559028999225056,-2.293771999677786,13.229,no2;pm10,EEA | Unknown Governmental Organization | United Kingdom | Bury | Europe/London,official_or_governmental_candidate,25,18,15,5,63,review_as_local_or_official_overlay_candidate,"Candidate only; compare against DEFRA/AURN, local geography, control-site role and source provenance before validation."
Red Moss Landfill,redmosslandfill,Greater Manchester,53.5,-2.12,Westhoughton,53.4454823762909,-2.175727388,control,53.4454823762909,-2.175727388,OpenAQ v3 locations,candidate_needs_review,local_or_official_candidate_needs_review,Bury Whitefield Roadside - UKA00598,2444,53.559028999225056,-2.293771999677786,14.845,no2;pm10,EEA | Unknown Governmental Organization | United Kingdom | Bury | Europe/London,official_or_governmental_candidate,25,18,15,5,63,review_as_local_or_official_overlay_candidate,"Candidate only; compare against DEFRA/AURN, local geography, control-site role and source provenance before validation."
Red Moss Landfill,redmosslandfill,Greater Manchester,53.5,-2.12,Westhoughton,53.4454823762909,-2.175727388,facility,53.5,-2.12,OpenAQ v3 locations,candidate_needs_review,local_or_official_candidate_needs_review,Shaw Crompton Way - UKA00579,995,53.57928299974366,-2.093786000448393,8.984,no2,EEA | Unknown Governmental Organization | United Kingdom | Crompton Way OL2 8AQ | Europe/London,official_or_governmental_candidate,32,10,15,5,62,review_as_local_or_official_overlay_candidate,"Candidate only; compare against DEFRA/AURN, local geography, control-site role and source provenance before validation."
Red Moss Landfill,redmosslandfill,Greater Manchester,53.5,-2.12,Westhoughton,53.4454823762909,-2.175727388,control,53.4454823762909,-2.175727388,OpenAQ v3 locations,candidate_needs_review,local_or_official_candidate_needs_review,"Oldham Street, Manchester",1582067,53.48161807672774,-2.2370100183219983,5.71,pm25;temperature,AirGradient | Unknown Governmental Organization | United Kingdom | Europe/London,official_or_governmental_candidate,32,9,15,5,61,review_as_local_or_official_overlay_candidate,"Candidate only; compare against DEFRA/AURN, local geography, control-site role and source provenance before validation."
Red Moss Landfill,redmosslandfill,Greater Manchester,53.5,-2.12,Westhoughton,53.4454823762909,-2.175727388,control,53.4454823762909,-2.175727388,OpenAQ v3 locations,candidate_needs_review,local_or_official_candidate_needs_review,"Oldham Street, Manchester",1585676,53.48161807672774,-2.2370100183219983,5.71,pm25;temperature,AirGradient | Unknown Governmental Organization | United Kingdom | Europe/London,official_or_governmental_candidate,32,9,15,5,61,review_as_local_or_official_overlay_candidate,"Candidate only; compare against DEFRA/AURN, local geography, control-site role and source provenance before validation."
Red Moss Landfill,redmosslandfill,Greater Manchester,53.5,-2.12,Westhoughton,53.4454823762909,-2.175727388,control,53.4454823762909,-2.175727388,OpenAQ v3 locations,candidate_needs_review,local_or_official_candidate_needs_review,"Oldham Street, Manchester",1585684,53.48161807672774,-2.2370100183219983,5.71,pm25;temperature,AirGradient | Unknown Governmental Organization | United Kingdom | Europe/London,official_or_governmental_candidate,32,9,15,5,61,review_as_local_or_official_overlay_candidate,"Candidate only; compare against DEFRA/AURN, local geography, control-site role and source provenance before validation."
Red Moss Landfill,redmosslandfill,Greater Manchester,53.5,-2.12,Westhoughton,53.4454823762909,-2.175727388,facility,53.5,-2.12,OpenAQ v3 locations,candidate_needs_review,local_or_official_candidate_needs_review,"Oldham Street, Manchester",1582067,53.48161807672774,-2.2370100183219983,8.006,pm25;temperature,AirGradient | Unknown Governmental Organization | United Kingdom | Europe/London,official_or_governmental_candidate,32,9,15,5,61,review_as_local_or_official_overlay_candidate,"Candidate only; compare against DEFRA/AURN, local geography, control-site role and source provenance before validation."
Red Moss Landfill,redmosslandfill,Greater Manchester,53.5,-2.12,Westhoughton,53.4454823762909,-2.175727388,facility,53.5,-2.12,OpenAQ v3 locations,candidate_needs_review,local_or_official_candidate_needs_review,"Oldham Street, Manchester",1585676,53.48161807672774,-2.2370100183219983,8.006,pm25;temperature,AirGradient | Unknown Governmental Organization | United Kingdom | Europe/London,official_or_governmental_candidate,32,9,15,5,61,review_as_local_or_official_overlay_candidate,"Candidate only; compare against DEFRA/AURN, local geography, control-site role and source provenance before validation."
Red Moss Landfill,redmosslandfill,Greater Manchester,53.5,-2.12,Westhoughton,53.4454823762909,-2.175727388,facility,53.5,-2.12,OpenAQ v3 locations,candidate_needs_review,local_or_official_candidate_needs_review,"Oldham Street, Manchester",1585684,53.48161807672774,-2.2370100183219983,8.006,pm25;temperature,AirGradient | Unknown Governmental Organization | United Kingdom | Europe/London,official_or_governmental_candidate,32,9,15,5,61,review_as_local_or_official_overlay_candidate,"Candidate only; compare against DEFRA/AURN, local geography, control-site role and source provenance before validation."
Red Moss Landfill,redmosslandfill,Greater Manchester,53.5,-2.12,Westhoughton,53.4454823762909,-2.175727388,facility,53.5,-2.12,OpenAQ v3 locations,candidate_needs_review,plausible_candidate_needs_review,Ladybower - UKA00171,2337,53.403369999657315,-1.7520060001189364,26.631,no2;o3;pm10;pm25;so2,EEA | Unknown Governmental Organization | United Kingdom | Ladybower | Europe/London,official_or_governmental_candidate,4,35,15,5,59,review_geography_and_source_before_use,"Candidate only; compare against DEFRA/AURN, local geography, control-site role and source provenance before validation."
Red Moss Landfill,redmosslandfill,Greater Manchester,53.5,-2.12,Westhoughton,53.4454823762909,-2.175727388,control,53.4454823762909,-2.175727388,OpenAQ v3 locations,candidate_needs_review,plausible_candidate_needs_review,University of Manchester,2884480,53.445,-2.21758,2.772,pm1;pm10;pm25;relativehumidity;temperature;um003,AirGradient | Unknown Person | United Kingdom | Europe/London,community_or_uncertain_candidate,40,17,0,0,57,review_geography_and_source_before_use,"Candidate only; compare against DEFRA/AURN, local geography, control-site role and source provenance before validation."
Red Moss Landfill,redmosslandfill,Greater Manchester,53.5,-2.12,Westhoughton,53.4454823762909,-2.175727388,control,53.4454823762909,-2.175727388,OpenAQ v3 locations,candidate_needs_review,plausible_candidate_needs_review,University of Manchester,2884565,53.4445,-2.21758,2.774,pm1;pm10;pm25;relativehumidity;temperature;um003,AirGradient | Unknown Person | United Kingdom | Europe/London,community_or_uncertain_candidate,40,17,0,0,57,review_geography_and_source_before_use,"Candidate only; compare against DEFRA/AURN, local geography, control-site role and source provenance before validation."
Red Moss Landfill,redmosslandfill,Greater Manchester,53.5,-2.12,Westhoughton,53.4454823762909,-2.175727388,control,53.4454823762909,-2.175727388,OpenAQ v3 locations,candidate_needs_review,plausible_candidate_needs_review,Fairholme Road,3316776,53.4309955,-2.2212486,3.419,pm1;pm10;pm25;relativehumidity;temperature;um003,AirGradient | Unknown Person | United Kingdom | Europe/London,community_or_uncertain_candidate,40,17,0,0,57,review_geography_and_source_before_use,"Candidate only; compare against DEFRA/AURN, local geography, control-site role and source provenance before validation."
Red Moss Landfill,redmosslandfill,Greater Manchester,53.5,-2.12,Westhoughton,53.4454823762909,-2.175727388,control,53.4454823762909,-2.175727388,OpenAQ v3 locations,candidate_needs_review,plausible_candidate_needs_review,Cambridge Road,6368030,53.428418,-2.176583,1.898,pm1;pm25;relativehumidity;temperature;um003,AirGradient | AirGradient | United Kingdom | Europe/London,community_or_uncertain_candidate,45,9,0,0,54,review_geography_and_source_before_use,"Candidate only; compare against DEFRA/AURN, local geography, control-site role and source provenance before validation."
Red Moss Landfill,redmosslandfill,Greater Manchester,53.5,-2.12,Westhoughton,53.4454823762909,-2.175727388,control,53.4454823762909,-2.175727388,OpenAQ v3 locations,candidate_needs_review,plausible_candidate_needs_review,Manchester Mayfield,6145550,53.474361,-2.22278,4.474,pm1;pm25;relativehumidity;temperature;um003,AirGradient | AirGradient | United Kingdom | Europe/London,community_or_uncertain_candidate,40,9,0,0,49,review_geography_and_source_before_use,"Candidate only; compare against DEFRA/AURN, local geography, control-site role and source provenance before validation."
Red Moss Landfill,redmosslandfill,Greater Manchester,53.5,-2.12,Westhoughton,53.4454823762909,-2.175727388,control,53.4454823762909,-2.175727388,OpenAQ v3 locations,candidate_needs_review,plausible_candidate_needs_review,Adam Gray 01,1745856,53.481890622587905,-2.2369927162719048,5.73,pm1;pm10;pm25;relativehumidity;temperature;um003,AirGradient | Unknown Person | United Kingdom | Europe/London,community_or_uncertain_candidate,32,17,0,0,49,review_geography_and_source_before_use,"Candidate only; compare against DEFRA/AURN, local geography, control-site role and source provenance before validation."
Red Moss Landfill,redmosslandfill,Greater Manchester,53.5,-2.12,Westhoughton,53.4454823762909,-2.175727388,control,53.4454823762909,-2.175727388,OpenAQ v3 locations,candidate_needs_review,plausible_candidate_needs_review,Chorlton,1760702,53.43007871995329,-2.278135503675803,6.996,pm1;pm10;pm25;relativehumidity;temperature;um003,AirGradient | Unknown Person | United Kingdom | Europe/London,community_or_uncertain_candidate,32,17,0,0,49,review_geography_and_source_before_use,"Candidate only; compare against DEFRA/AURN, local geography, control-site role and source provenance before validation."
Red Moss Landfill,redmosslandfill,Greater Manchester,53.5,-2.12,Westhoughton,53.4454823762909,-2.175727388,facility,53.5,-2.12,OpenAQ v3 locations,candidate_needs_review,plausible_candidate_needs_review,Adam Gray 01,1745856,53.481890622587905,-2.2369927162719048,7.997,pm1;pm10;pm25;relativehumidity;temperature;um003,AirGradient | Unknown Person | United Kingdom | Europe/London,community_or_uncertain_candidate,32,17,0,0,49,review_geography_and_source_before_use,"Candidate only; compare against DEFRA/AURN, local geography, control-site role and source provenance before validation."
Red Moss Landfill,redmosslandfill,Greater Manchester,53.5,-2.12,Westhoughton,53.4454823762909,-2.175727388,facility,53.5,-2.12,OpenAQ v3 locations,candidate_needs_review,plausible_candidate_needs_review,University of Manchester,2884480,53.445,-2.21758,8.894,pm1;pm10;pm25;relativehumidity;temperature;um003,AirGradient | Unknown Person | United Kingdom | Europe/London,community_or_uncertain_candidate,32,17,0,0,49,review_geography_and_source_before_use,"Candidate only; compare against DEFRA/AURN, local geography, control-site role and source provenance before validation."
Red Moss Landfill,redmosslandfill,Greater Manchester,53.5,-2.12,Westhoughton,53.4454823762909,-2.175727388,facility,53.5,-2.12,OpenAQ v3 locations,candidate_needs_review,plausible_candidate_needs_review,University of Manchester,2884565,53.4445,-2.21758,8.933,pm1;pm10;pm25;relativehumidity;temperature;um003,AirGradient | Unknown Person | United Kingdom | Europe/London,community_or_uncertain_candidate,32,17,0,0,49,review_geography_and_source_before_use,"Candidate only; compare against DEFRA/AURN, local geography, control-site role and source provenance before validation."
Red Moss Landfill,redmosslandfill,Greater Manchester,53.5,-2.12,Westhoughton,53.4454823762909,-2.175727388,control,53.4454823762909,-2.175727388,OpenAQ v3 locations,candidate_needs_review,manual_review_low_confidence,Shaw Crompton Way - UKA00579,995,53.57928299974366,-2.093786000448393,15.834,no2,EEA | Unknown Governmental Organization | United Kingdom | Crompton Way OL2 8AQ | Europe/London,official_or_governmental_candidate,14,10,15,5,44,manual_review_or_find_alternative_source,"Candidate only; compare against DEFRA/AURN, local geography, control-site role and source provenance before validation."
Red Moss Landfill,redmosslandfill,Greater Manchester,53.5,-2.12,Westhoughton,53.4454823762909,-2.175727388,facility,53.5,-2.12,OpenAQ v3 locations,candidate_needs_review,supporting_context_community_sensor,Fairholme Road,3316776,53.4309955,-2.2212486,10.188,pm1;pm10;pm25;relativehumidity;temperature;um003,AirGradient | Unknown Person | United Kingdom | Europe/London,community_or_uncertain_candidate,25,17,0,0,42,use_as_supporting_context_only,"Candidate only; compare against DEFRA/AURN, local geography, control-site role and source provenance before validation."
Red Moss Landfill,redmosslandfill,Greater Manchester,53.5,-2.12,Westhoughton,53.4454823762909,-2.175727388,facility,53.5,-2.12,OpenAQ v3 locations,candidate_needs_review,supporting_context_community_sensor,Chorlton,1760702,53.43007871995329,-2.278135503675803,13.039,pm1;pm10;pm25;relativehumidity;temperature;um003,AirGradient | Unknown Person | United Kingdom | Europe/London,community_or_uncertain_candidate,25,17,0,0,42,use_as_supporting_context_only,"Candidate only; compare against DEFRA/AURN, local geography, control-site role and source provenance before validation."
Red Moss Landfill,redmosslandfill,Greater Manchester,53.5,-2.12,Westhoughton,53.4454823762909,-2.175727388,control,53.4454823762909,-2.175727388,OpenAQ v3 locations,candidate_needs_review,supporting_context_community_sensor,West Didsbury,5956427,53.427642,-2.246476,5.089,pm1;pm25;relativehumidity;temperature;um003,AirGradient | AirGradient | United Kingdom | Europe/London,community_or_uncertain_candidate,32,9,0,0,41,use_as_supporting_context_only,"Candidate only; compare against DEFRA/AURN, local geography, control-site role and source provenance before validation."
Red Moss Landfill,redmosslandfill,Greater Manchester,53.5,-2.12,Westhoughton,53.4454823762909,-2.175727388,control,53.4454823762909,-2.175727388,OpenAQ v3 locations,candidate_needs_review,supporting_context_community_sensor,"Oldham Street, Manchester",1745855,53.48185145391406,-2.236798868559406,5.718,pm25;temperature,AirGradient | Unknown Person | United Kingdom | Europe/London,community_or_uncertain_candidate,32,9,0,0,41,use_as_supporting_context_only,"Candidate only; compare against DEFRA/AURN, local geography, control-site role and source provenance before validation."
Red Moss Landfill,redmosslandfill,Greater Manchester,53.5,-2.12,Westhoughton,53.4454823762909,-2.175727388,control,53.4454823762909,-2.175727388,OpenAQ v3 locations,candidate_needs_review,supporting_context_community_sensor,College road,5874723,53.450316,-2.26644,6.031,pm1;pm25;relativehumidity;temperature;um003,AirGradient | AirGradient | United Kingdom | Europe/London,community_or_uncertain_candidate,32,9,0,0,41,use_as_supporting_context_only,"Candidate only; compare against DEFRA/AURN, local geography, control-site role and source provenance before validation."
Red Moss Landfill,redmosslandfill,Greater Manchester,53.5,-2.12,Westhoughton,53.4454823762909,-2.175727388,control,53.4454823762909,-2.175727388,OpenAQ v3 locations,candidate_needs_review,supporting_context_community_sensor,Romiley,3400994,53.417076729082574,-2.085915035436343,6.736,pm1;pm25;relativehumidity;temperature;um003,AirGradient | Unknown Person | United Kingdom | Europe/London,community_or_uncertain_candidate,32,9,0,0,41,use_as_supporting_context_only,"Candidate only; compare against DEFRA/AURN, local geography, control-site role and source provenance before validation."
Red Moss Landfill,redmosslandfill,Greater Manchester,53.5,-2.12,Westhoughton,53.4454823762909,-2.175727388,facility,53.5,-2.12,OpenAQ v3 locations,candidate_needs_review,supporting_context_community_sensor,Manchester Mayfield,6145550,53.474361,-2.22278,7.374,pm1;pm25;relativehumidity;temperature;um003,AirGradient | AirGradient | United Kingdom | Europe/London,community_or_uncertain_candidate,32,9,0,0,41,use_as_supporting_context_only,"Candidate only; compare against DEFRA/AURN, local geography, control-site role and source provenance before validation."
Red Moss Landfill,redmosslandfill,Greater Manchester,53.5,-2.12,Westhoughton,53.4454823762909,-2.175727388,facility,53.5,-2.12,OpenAQ v3 locations,candidate_needs_review,supporting_context_community_sensor,"Oldham Street, Manchester",1745855,53.48185145391406,-2.236798868559406,7.986,pm25;temperature,AirGradient | Unknown Person | United Kingdom | Europe/London,community_or_uncertain_candidate,32,9,0,0,41,use_as_supporting_context_only,"Candidate only; compare against DEFRA/AURN, local geography, control-site role and source provenance before validation."
Red Moss Landfill,redmosslandfill,Greater Manchester,53.5,-2.12,Westhoughton,53.4454823762909,-2.175727388,facility,53.5,-2.12,OpenAQ v3 locations,candidate_needs_review,supporting_context_community_sensor,Cambridge Road,6368030,53.428418,-2.176583,8.797,pm1;pm25;relativehumidity;temperature;um003,AirGradient | AirGradient | United Kingdom | Europe/London,community_or_uncertain_candidate,32,9,0,0,41,use_as_supporting_context_only,"Candidate only; compare against DEFRA/AURN, local geography, control-site role and source provenance before validation."
Red Moss Landfill,redmosslandfill,Greater Manchester,53.5,-2.12,Westhoughton,53.4454823762909,-2.175727388,facility,53.5,-2.12,OpenAQ v3 locations,candidate_needs_review,supporting_context_community_sensor,Romiley,3400994,53.417076729082574,-2.085915035436343,9.493,pm1;pm25;relativehumidity;temperature;um003,AirGradient | Unknown Person | United Kingdom | Europe/London,community_or_uncertain_candidate,32,9,0,0,41,use_as_supporting_context_only,"Candidate only; compare against DEFRA/AURN, local geography, control-site role and source provenance before validation."
Red Moss Landfill,redmosslandfill,Greater Manchester,53.5,-2.12,Westhoughton,53.4454823762909,-2.175727388,facility,53.5,-2.12,OpenAQ v3 locations,candidate_needs_review,supporting_context_community_sensor,College road,5874723,53.450316,-2.26644,11.155,pm1;pm25;relativehumidity;temperature;um003,AirGradient | AirGradient | United Kingdom | Europe/London,community_or_uncertain_candidate,25,9,0,0,34,use_as_supporting_context_only,"Candidate only; compare against DEFRA/AURN, local geography, control-site role and source provenance before validation."
Red Moss Landfill,redmosslandfill,Greater Manchester,53.5,-2.12,Westhoughton,53.4454823762909,-2.175727388,facility,53.5,-2.12,OpenAQ v3 locations,candidate_needs_review,supporting_context_community_sensor,West Didsbury,5956427,53.427642,-2.246476,11.612,pm1;pm25;relativehumidity;temperature;um003,AirGradient | AirGradient | United Kingdom | Europe/London,community_or_uncertain_candidate,25,9,0,0,34,use_as_supporting_context_only,"Candidate only; compare against DEFRA/AURN, local geography, control-site role and source provenance before validation."
Red Moss Landfill,redmosslandfill,Greater Manchester,53.5,-2.12,Westhoughton,53.4454823762909,-2.175727388,facility,53.5,-2.12,OpenAQ v3 locations,candidate_needs_review,supporting_context_community_sensor,Huddersfield,4526280,53.6682,-1.8273,26.891,pm1;pm25;relativehumidity;temperature;um003,AirGradient | AirGradient | United Kingdom | Europe/London,community_or_uncertain_candidate,4,9,0,0,13,use_as_supporting_context_only,"Candidate only; compare against DEFRA/AURN, local geography, control-site role and source provenance before validation."
Red Moss Landfill,redmosslandfill,Greater Manchester,53.5,-2.12,Westhoughton,53.4454823762909,-2.175727388,control,53.4454823762909,-2.175727388,OpenAQ v3 locations,candidate_needs_review,supporting_context_community_sensor,Huddersfield,4526280,53.6682,-1.8273,33.808,pm1;pm25;relativehumidity;temperature;um003,AirGradient | AirGradient | United Kingdom | Europe/London,community_or_uncertain_candidate,4,9,0,0,13,use_as_supporting_context_only,"Candidate only; compare against DEFRA/AURN, local geography, control-site role and source provenance before validation."
Shrewsbury Incinerator,shrewsbury,Shropshire,52.71,-2.75,Pontesbury,52.66264719947775,-2.800606348,facility,52.71,-2.75,OpenAQ v3 locations,candidate_needs_review,plausible_candidate_needs_review,"Shrewsbury, UK",3402683,52.69974,-2.74832,1.146,pm1;pm25;relativehumidity;temperature;um003,AirGradient | Dave Q | United Kingdom | Europe/London,community_or_uncertain_candidate,45,9,0,0,54,review_geography_and_source_before_use,"Candidate only; compare against DEFRA/AURN, local geography, control-site role and source provenance before validation."
Shrewsbury Incinerator,shrewsbury,Shropshire,52.71,-2.75,Pontesbury,52.66264719947775,-2.800606348,control,52.66264719947775,-2.800606348,OpenAQ v3 locations,candidate_needs_review,plausible_candidate_needs_review,Aston Hill - UKA00137,2394,52.50384999933775,-3.0341779996752303,23.682,no2;o3,EEA | Unknown Governmental Organization | United Kingdom | Aston Hill | Europe/London,official_or_governmental_candidate,14,16,15,5,50,review_geography_and_source_before_use,"Candidate only; compare against DEFRA/AURN, local geography, control-site role and source provenance before validation."
Shrewsbury Incinerator,shrewsbury,Shropshire,52.71,-2.75,Pontesbury,52.66264719947775,-2.800606348,facility,52.71,-2.75,OpenAQ v3 locations,candidate_needs_review,manual_review_low_confidence,Telford Hollinswood - UKA00648,2659942,52.67347099970886,-2.4366920003589367,21.503,no2,EEA | Unknown Governmental Organization | United Kingdom | Europe/London,official_or_governmental_candidate,14,10,15,5,44,manual_review_or_find_alternative_source,"Candidate only; compare against DEFRA/AURN, local geography, control-site role and source provenance before validation."
Shrewsbury Incinerator,shrewsbury,Shropshire,52.71,-2.75,Pontesbury,52.66264719947775,-2.800606348,control,52.66264719947775,-2.800606348,OpenAQ v3 locations,candidate_needs_review,manual_review_low_confidence,Telford Hollinswood - UKA00648,2659942,52.67347099970886,-2.4366920003589367,24.569,no2,EEA | Unknown Governmental Organization | United Kingdom | Europe/London,official_or_governmental_candidate,14,10,15,5,44,manual_review_or_find_alternative_source,"Candidate only; compare against DEFRA/AURN, local geography, control-site role and source provenance before validation."
Shrewsbury Incinerator,shrewsbury,Shropshire,52.71,-2.75,Pontesbury,52.66264719947775,-2.800606348,control,52.66264719947775,-2.800606348,OpenAQ v3 locations,candidate_needs_review,supporting_context_community_sensor,"Shrewsbury, UK",3402683,52.69974,-2.74832,5.425,pm1;pm25;relativehumidity;temperature;um003,AirGradient | Dave Q | United Kingdom | Europe/London,community_or_uncertain_candidate,32,9,0,0,41,use_as_supporting_context_only,"Candidate only; compare against DEFRA/AURN, local geography, control-site role and source provenance before validation."
Shrewsbury Incinerator,shrewsbury,Shropshire,52.71,-2.75,Pontesbury,52.66264719947775,-2.800606348,facility,52.71,-2.75,OpenAQ v3 locations,candidate_needs_review,manual_review_low_confidence,Aston Hill - UKA00137,2394,52.50384999933775,-3.0341779996752303,29.895,no2;o3,EEA | Unknown Governmental Organization | United Kingdom | Aston Hill | Europe/London,official_or_governmental_candidate,4,16,15,5,40,manual_review_or_find_alternative_source,"Candidate only; compare against DEFRA/AURN, local geography, control-site role and source provenance before validation."
Shrewsbury Incinerator,shrewsbury,Shropshire,52.71,-2.75,Pontesbury,52.66264719947775,-2.800606348,facility,52.71,-2.75,OpenAQ v3 locations,candidate_needs_review,supporting_context_community_sensor,Telford,2975591,52.65039091277819,-2.480509611168481,19.339,pm1;pm10;pm25;relativehumidity;temperature;um003,AirGradient | Unknown Person | United Kingdom | Europe/London,community_or_uncertain_candidate,14,17,0,0,31,use_as_supporting_context_only,"Candidate only; compare against DEFRA/AURN, local geography, control-site role and source provenance before validation."
Shrewsbury Incinerator,shrewsbury,Shropshire,52.71,-2.75,Pontesbury,52.66264719947775,-2.800606348,control,52.66264719947775,-2.800606348,OpenAQ v3 locations,candidate_needs_review,supporting_context_community_sensor,Telford,2975591,52.65039091277819,-2.480509611168481,21.633,pm1;pm10;pm25;relativehumidity;temperature;um003,AirGradient | Unknown Person | United Kingdom | Europe/London,community_or_uncertain_candidate,14,17,0,0,31,use_as_supporting_context_only,"Candidate only; compare against DEFRA/AURN, local geography, control-site role and source provenance before validation."
Shrewsbury Incinerator,shrewsbury,Shropshire,52.71,-2.75,Pontesbury,52.66264719947775,-2.800606348,facility,52.71,-2.75,OpenAQ v3 locations,candidate_needs_review,supporting_context_community_sensor,Market Drayton,6202467,52.905611365449616,-2.4762877476681497,28.488,pm1;pm25;relativehumidity;temperature;um003,AirGradient | AirGradient | United Kingdom | Europe/London,community_or_uncertain_candidate,4,9,0,0,13,use_as_supporting_context_only,"Candidate only; compare against DEFRA/AURN, local geography, control-site role and source provenance before validation."
Stoke EfW,stoke,Stoke-on-Trent,53.0,-2.18,Barlaston,52.94116578444151,-2.237964046,facility,53.0,-2.18,OpenAQ v3 locations,candidate_needs_review,high_confidence_official_candidate,Stoke-on-Trent Centre - UKA00337,2579,53.028209999349706,-2.175133000290645,3.154,no2;o3;pm10;pm25,EEA | Unknown Governmental Organization | United Kingdom | Stoke-on-Trent | Europe/London,official_or_governmental_candidate,40,33,15,5,93,review_for_promotion_to_validated_overlay,"Candidate only; compare against DEFRA/AURN, local geography, control-site role and source provenance before validation."
Stoke EfW,stoke,Stoke-on-Trent,53.0,-2.18,Barlaston,52.94116578444151,-2.237964046,facility,53.0,-2.18,OpenAQ v3 locations,candidate_needs_review,local_or_official_candidate_needs_review,Stoke-on-Trent A50 Roadside - UKA00610,2423,52.98043599959371,-2.111898000293454,5.051,no2;pm10;pm25,EEA | Unknown Governmental Organization | United Kingdom | Stoke-on-Trent | Europe/London,official_or_governmental_candidate,32,27,15,5,79,review_as_local_or_official_overlay_candidate,"Candidate only; compare against DEFRA/AURN, local geography, control-site role and source provenance before validation."
Stoke EfW,stoke,Stoke-on-Trent,53.0,-2.18,Barlaston,52.94116578444151,-2.237964046,control,52.94116578444151,-2.237964046,OpenAQ v3 locations,candidate_needs_review,local_or_official_candidate_needs_review,Stoke-on-Trent A50 Roadside - UKA00610,2423,52.98043599959371,-2.111898000293454,9.506,no2;pm10;pm25,EEA | Unknown Governmental Organization | United Kingdom | Stoke-on-Trent | Europe/London,official_or_governmental_candidate,32,27,15,5,79,review_as_local_or_official_overlay_candidate,"Candidate only; compare against DEFRA/AURN, local geography, control-site role and source provenance before validation."
Stoke EfW,stoke,Stoke-on-Trent,53.0,-2.18,Barlaston,52.94116578444151,-2.237964046,control,52.94116578444151,-2.237964046,OpenAQ v3 locations,candidate_needs_review,local_or_official_candidate_needs_review,Stoke-on-Trent Centre - UKA00337,2579,53.028209999349706,-2.175133000290645,10.553,no2;o3;pm10;pm25,EEA | Unknown Governmental Organization | United Kingdom | Stoke-on-Trent | Europe/London,official_or_governmental_candidate,25,33,15,5,78,review_as_local_or_official_overlay_candidate,"Candidate only; compare against DEFRA/AURN, local geography, control-site role and source provenance before validation."
Stoke EfW,stoke,Stoke-on-Trent,53.0,-2.18,Barlaston,52.94116578444151,-2.237964046,facility,53.0,-2.18,OpenAQ v3 locations,candidate_needs_review,manual_review_low_confidence,Crewe Coppenhall - UKA00659,2659920,53.115940999502676,-2.453491999951757,22.366,no2,EEA | Unknown Governmental Organization | United Kingdom | Europe/London,official_or_governmental_candidate,14,10,15,5,44,manual_review_or_find_alternative_source,"Candidate only; compare against DEFRA/AURN, local geography, control-site role and source provenance before validation."
Stoke EfW,stoke,Stoke-on-Trent,53.0,-2.18,Barlaston,52.94116578444151,-2.237964046,control,52.94116578444151,-2.237964046,OpenAQ v3 locations,candidate_needs_review,manual_review_low_confidence,Crewe Coppenhall - UKA00659,2659920,53.115940999502676,-2.453491999951757,24.196,no2,EEA | Unknown Governmental Organization | United Kingdom | Europe/London,official_or_governmental_candidate,14,10,15,5,44,manual_review_or_find_alternative_source,"Candidate only; compare against DEFRA/AURN, local geography, control-site role and source provenance before validation."
Stoke EfW,stoke,Stoke-on-Trent,53.0,-2.18,Barlaston,52.94116578444151,-2.237964046,control,52.94116578444151,-2.237964046,OpenAQ v3 locations,candidate_needs_review,supporting_context_community_sensor,Market Drayton,6202467,52.905611365449616,-2.4762877476681497,16.459,pm1;pm25;relativehumidity;temperature;um003,AirGradient | AirGradient | United Kingdom | Europe/London,community_or_uncertain_candidate,14,9,0,0,23,use_as_supporting_context_only,"Candidate only; compare against DEFRA/AURN, local geography, control-site role and source provenance before validation."
Stoke EfW,stoke,Stoke-on-Trent,53.0,-2.18,Barlaston,52.94116578444151,-2.237964046,facility,53.0,-2.18,OpenAQ v3 locations,candidate_needs_review,supporting_context_community_sensor,Market Drayton,6202467,52.905611365449616,-2.4762877476681497,22.453,pm1;pm25;relativehumidity;temperature;um003,AirGradient | AirGradient | United Kingdom | Europe/London,community_or_uncertain_candidate,14,9,0,0,23,use_as_supporting_context_only,"Candidate only; compare against DEFRA/AURN, local geography, control-site role and source provenance before validation."
Teesside EfW,teesside,Billingham,54.6,-1.26,Stockton,54.5428758,-1.303836096,facility,54.6,-1.26,OpenAQ v3 locations,candidate_needs_review,high_confidence_official_candidate,Middlesbrough - UKA00220,824,54.56929699927123,-1.2208739999753224,4.244,no2;o3;pm10;pm25;so2,EEA | Unknown Governmental Organization | United Kingdom | Middlesbrough | Europe/London,official_or_governmental_candidate,40,35,15,5,95,review_for_promotion_to_validated_overlay,"Candidate only; compare against DEFRA/AURN, local geography, control-site role and source provenance before validation."
Teesside EfW,teesside,Billingham,54.6,-1.26,Stockton,54.5428758,-1.303836096,control,54.5428758,-1.303836096,OpenAQ v3 locations,candidate_needs_review,high_confidence_official_candidate,Stockton-on-Tees Eaglescliffe - UKA00535,414,54.51666699931385,-1.3585470003707398,4.578,no2;pm10;pm25,EEA | Unknown Governmental Organization | United Kingdom | Stockton-on-Tees | Europe/London,official_or_governmental_candidate,40,27,15,5,87,review_for_promotion_to_validated_overlay,"Candidate only; compare against DEFRA/AURN, local geography, control-site role and source provenance before validation."
Teesside EfW,teesside,Billingham,54.6,-1.26,Stockton,54.5428758,-1.303836096,control,54.5428758,-1.303836096,OpenAQ v3 locations,candidate_needs_review,high_confidence_official_candidate,Middlesbrough - UKA00220,824,54.56929699927123,-1.2208739999753224,6.103,no2;o3;pm10;pm25;so2,EEA | Unknown Governmental Organization | United Kingdom | Middlesbrough | Europe/London,official_or_governmental_candidate,32,35,15,5,87,review_for_promotion_to_validated_overlay,"Candidate only; compare against DEFRA/AURN, local geography, control-site role and source provenance before validation."
Teesside EfW,teesside,Billingham,54.6,-1.26,Stockton,54.5428758,-1.303836096,control,54.5428758,-1.303836096,OpenAQ v3 locations,candidate_needs_review,local_or_official_candidate_needs_review,Stockton-on-Tees A1305 Roadside - UKA00599,2368,54.5658189994743,-1.315899999686769,2.667,no2;pm25,EEA | Unknown Governmental Organization | United Kingdom | Stockton-on-Tees | Europe/London,official_or_governmental_candidate,40,19,15,5,79,review_as_local_or_official_overlay_candidate,"Candidate only; compare against DEFRA/AURN, local geography, control-site role and source provenance before validation."
Teesside EfW,teesside,Billingham,54.6,-1.26,Stockton,54.5428758,-1.303836096,facility,54.6,-1.26,OpenAQ v3 locations,candidate_needs_review,local_or_official_candidate_needs_review,Billingham - UKA00153,2300,54.60536999949085,-1.2750389998062805,1.138,no2,EEA | Unknown Governmental Organization | United Kingdom | Billingham | Europe/London,official_or_governmental_candidate,45,10,15,5,75,review_as_local_or_official_overlay_candidate,"Candidate only; compare against DEFRA/AURN, local geography, control-site role and source provenance before validation."
Teesside EfW,teesside,Billingham,54.6,-1.26,Stockton,54.5428758,-1.303836096,facility,54.6,-1.26,OpenAQ v3 locations,candidate_needs_review,local_or_official_candidate_needs_review,Stockton-on-Tees Eaglescliffe - UKA00535,414,54.51666699931385,-1.3585470003707398,11.236,no2;pm10;pm25,EEA | Unknown Governmental Organization | United Kingdom | Stockton-on-Tees | Europe/London,official_or_governmental_candidate,25,27,15,5,72,review_as_local_or_official_overlay_candidate,"Candidate only; compare against DEFRA/AURN, local geography, control-site role and source provenance before validation."
Teesside EfW,teesside,Billingham,54.6,-1.26,Stockton,54.5428758,-1.303836096,facility,54.6,-1.26,OpenAQ v3 locations,candidate_needs_review,local_or_official_candidate_needs_review,Stockton-on-Tees A1305 Roadside - UKA00599,2368,54.5658189994743,-1.315899999686769,5.237,no2;pm25,EEA | Unknown Governmental Organization | United Kingdom | Stockton-on-Tees | Europe/London,official_or_governmental_candidate,32,19,15,5,71,review_as_local_or_official_overlay_candidate,"Candidate only; compare against DEFRA/AURN, local geography, control-site role and source provenance before validation."
Teesside EfW,teesside,Billingham,54.6,-1.26,Stockton,54.5428758,-1.303836096,control,54.5428758,-1.303836096,OpenAQ v3 locations,candidate_needs_review,local_or_official_candidate_needs_review,Billingham - UKA00153,2300,54.60536999949085,-1.2750389998062805,7.193,no2,EEA | Unknown Governmental Organization | United Kingdom | Billingham | Europe/London,official_or_governmental_candidate,32,10,15,5,62,review_as_local_or_official_overlay_candidate,"Candidate only; compare against DEFRA/AURN, local geography, control-site role and source provenance before validation."
Teesside EfW,teesside,Billingham,54.6,-1.26,Stockton,54.5428758,-1.303836096,facility,54.6,-1.26,OpenAQ v3 locations,candidate_needs_review,local_or_official_candidate_needs_review,Hartlepool St Abbs Walk - UKA00645,2659932,54.6832419994915,-1.20383800038095,9.937,no2,EEA | Unknown Governmental Organization | United Kingdom | Europe/London,official_or_governmental_candidate,32,10,15,5,62,review_as_local_or_official_overlay_candidate,"Candidate only; compare against DEFRA/AURN, local geography, control-site role and source provenance before validation."
Teesside EfW,teesside,Billingham,54.6,-1.26,Stockton,54.5428758,-1.303836096,facility,54.6,-1.26,OpenAQ v3 locations,candidate_needs_review,local_or_official_candidate_needs_review,Hartlepool St Abbs Walk - UKA00645,2659933,54.6832419994915,-1.20383800038095,9.937,no2,EEA | Unknown Governmental Organization | United Kingdom | Europe/London,official_or_governmental_candidate,32,10,15,5,62,review_as_local_or_official_overlay_candidate,"Candidate only; compare against DEFRA/AURN, local geography, control-site role and source provenance before validation."
Teesside EfW,teesside,Billingham,54.6,-1.26,Stockton,54.5428758,-1.303836096,control,54.5428758,-1.303836096,OpenAQ v3 locations,candidate_needs_review,manual_review_low_confidence,Hartlepool St Abbs Walk - UKA00645,2659932,54.6832419994915,-1.20383800038095,16.884,no2,EEA | Unknown Governmental Organization | United Kingdom | Europe/London,official_or_governmental_candidate,14,10,15,5,44,manual_review_or_find_alternative_source,"Candidate only; compare against DEFRA/AURN, local geography, control-site role and source provenance before validation."
Teesside EfW,teesside,Billingham,54.6,-1.26,Stockton,54.5428758,-1.303836096,control,54.5428758,-1.303836096,OpenAQ v3 locations,candidate_needs_review,manual_review_low_confidence,Hartlepool St Abbs Walk - UKA00645,2659933,54.6832419994915,-1.20383800038095,16.884,no2,EEA | Unknown Governmental Organization | United Kingdom | Europe/London,official_or_governmental_candidate,14,10,15,5,44,manual_review_or_find_alternative_source,"Candidate only; compare against DEFRA/AURN, local geography, control-site role and source provenance before validation."
Teesside EfW,teesside,Billingham,54.6,-1.26,Stockton,54.5428758,-1.303836096,control,54.5428758,-1.303836096,OpenAQ v3 locations,candidate_needs_review,supporting_context_community_sensor,Darlington,3602893,54.53862150802372,-1.5649178920307172,16.848,pm1;pm25;relativehumidity;temperature;um003,AirGradient | Barry | United Kingdom | Europe/London,community_or_uncertain_candidate,14,9,0,0,23,use_as_supporting_context_only,"Candidate only; compare against DEFRA/AURN, local geography, control-site role and source provenance before validation."
Teesside EfW,teesside,Billingham,54.6,-1.26,Stockton,54.5428758,-1.303836096,facility,54.6,-1.26,OpenAQ v3 locations,candidate_needs_review,supporting_context_community_sensor,Peterlee Claire rd,3400888,54.755264,-1.3492718,18.194,pm1;pm25;relativehumidity;temperature;um003,AirGradient | Unknown Person | United Kingdom | Europe/London,community_or_uncertain_candidate,14,9,0,0,23,use_as_supporting_context_only,"Candidate only; compare against DEFRA/AURN, local geography, control-site role and source provenance before validation."
Teesside EfW,teesside,Billingham,54.6,-1.26,Stockton,54.5428758,-1.303836096,facility,54.6,-1.26,OpenAQ v3 locations,candidate_needs_review,supporting_context_community_sensor,Darlington,3602893,54.53862150802372,-1.5649178920307172,20.807,pm1;pm25;relativehumidity;temperature;um003,AirGradient | Barry | United Kingdom | Europe/London,community_or_uncertain_candidate,14,9,0,0,23,use_as_supporting_context_only,"Candidate only; compare against DEFRA/AURN, local geography, control-site role and source provenance before validation."
Teesside EfW,teesside,Billingham,54.6,-1.26,Stockton,54.5428758,-1.303836096,control,54.5428758,-1.303836096,OpenAQ v3 locations,candidate_needs_review,supporting_context_community_sensor,Peterlee Claire rd,3400888,54.755264,-1.3492718,23.797,pm1;pm25;relativehumidity;temperature;um003,AirGradient | Unknown Person | United Kingdom | Europe/London,community_or_uncertain_candidate,14,9,0,0,23,use_as_supporting_context_only,"Candidate only; compare against DEFRA/AURN, local geography, control-site role and source provenance before validation."
Thetford Incinerator,thetford,Norfolk,52.42,0.75,Brandon,52.36508933633796,0.7074512638157442,facility,52.42,0.75,OpenAQ v3 locations,candidate_needs_review,supporting_context_community_sensor,Downham Market,3039216,52.62926,0.489491,29.19,pm1;pm10;pm25;relativehumidity;temperature;um003,AirGradient | Andy | United Kingdom | Europe/London,community_or_uncertain_candidate,4,17,0,0,21,use_as_supporting_context_only,"Candidate only; compare against DEFRA/AURN, local geography, control-site role and source provenance before validation."
Westfield Incinerator,westfield,Somerset,51.14,-2.76,Shepton Mallet,51.08874752042375,-2.808241669,control,51.08874752042375,-2.808241669,OpenAQ v3 locations,candidate_needs_review,high_confidence_official_candidate,Charlton Mackrell - UKA00537,2389,51.05624999937828,-2.6834500002765918,9.438,no2;o3;pm10;pm25,EEA | Unknown Governmental Organization | United Kingdom | Charlton | Europe/London,official_or_governmental_candidate,32,33,15,5,85,review_for_promotion_to_validated_overlay,"Candidate only; compare against DEFRA/AURN, local geography, control-site role and source provenance before validation."
Westfield Incinerator,westfield,Somerset,51.14,-2.76,Shepton Mallet,51.08874752042375,-2.808241669,facility,51.14,-2.76,OpenAQ v3 locations,candidate_needs_review,local_or_official_candidate_needs_review,Charlton Mackrell - UKA00537,2389,51.05624999937828,-2.6834500002765918,10.738,no2;o3;pm10;pm25,EEA | Unknown Governmental Organization | United Kingdom | Charlton | Europe/London,official_or_governmental_candidate,25,33,15,5,78,review_as_local_or_official_overlay_candidate,"Candidate only; compare against DEFRA/AURN, local geography, control-site role and source provenance before validation."
